timestamp,price,7d_ma,30d_ma,price_change
2024-10-08 02:08:31.399,62708.74898406302,62758.7334897238,63172.73571009644,0.20835128773932787
2024-10-08 03:12:29.059,62716.36879880969,62678.159918893136,63176.386000798906,0.012151119054548687
2024-10-08 04:12:26.733,62656.663066193934,62629.1316779261,63184.70898509914,-0.09519960061350474
2024-10-08 05:10:38.891,62609.25214527036,62540.28908855837,63184.31580661157,-0.07566780387504579
2024-10-08 06:09:35.097,62424.62240664154,62557.89367922513,63171.40989589588,-0.29489210029283175
2024-10-08 07:03:40.973,62479.231973519934,62596.17907526241,63128.73822970836,0.08748081249521089
2024-10-08 08:12:02.528,62240.6083876244,62547.92796601756,63076.930461133205,-0.3819246465716297
2024-10-08 09:12:17.850,62384.34904441377,62501.58511749624,63033.18296822022,0.23094352788806116
2024-10-08 10:05:49.699,62560.61441012541,62479.33449054133,63001.03400687866,0.2825474151956664
2024-10-08 11:11:22.691,62514.66233700978,62459.04867208646,62967.698130608274,-0.07345208091209532
2024-10-08 12:03:56.777,62604.09679521855,62458.31219350763,62937.98679312505,0.14306157126249275
2024-10-08 13:07:29.549,62504.51859636706,62469.72593489699,62897.70396082463,-0.15906019565655738
2024-10-08 14:12:33.121,62770.26425664377,62511.30197534325,62868.43920348713,0.4251623182522257
2024-10-08 15:03:56.865,62766.14682170429,62586.37889449752,62842.60736676314,-0.0065595309948762726
2024-10-08 16:07:57.845,62152.158564241465,62553.208825901485,62810.5757320386,-0.9782156282541088
2024-10-08 17:03:35.938,62525.15635385936,62548.14338929205,62807.02991083876,0.6001365008624138
2024-10-08 18:13:16.301,62331.602816503626,62521.992029219735,62779.49223784691,-0.30956106092774327
2024-10-08 19:10:59.345,61963.1594430075,62430.42955033244,62748.361584259146,-0.5911020362829089
2024-10-08 20:10:33.068,62121.59452794766,62375.726111986805,62704.31139404566,0.25569239264806587
2024-10-08 21:11:00.919,62325.37670520698,62312.17074749584,62660.41336022365,0.32803758307853315
2024-10-08 22:09:48.282,62373.09267460823,62256.02015505354,62615.335292635624,0.07655945607347725
2024-10-08 23:11:05.097,62105.27060195742,62249.321874727255,62559.69287757614,-0.42938719432753514
2024-10-09 00:00:39.868,62185.230423727575,62200.76102756557,62516.03017496974,0.12874885013001158
2024-10-09 01:01:37.721,62115.919752113165,62169.949161224074,62491.36984435941,-0.11145841406734469
2024-10-09 02:08:53.310,62299.98199166144,62218.066668174644,62458.689784260634,0.2963205572465544
2024-10-09 03:09:30.445,62272.6586800959,62239.64726133867,62434.449715165065,-0.0438576556397785
2024-10-09 04:09:49.617,62334.18871429603,62240.90611977997,62404.55099661345,0.09880746302517451
2024-10-09 05:00:38.842,62307.40612118344,62231.522326433565,62404.75152492043,-0.04296613730764287
2024-10-09 06:02:15.811,62490.39392748502,62286.53994436608,62414.05684912796,0.29368548250217064
2024-10-09 07:08:55.339,62301.0120009861,62303.08016968873,62404.81171074955,-0.30305766150023894
2024-10-09 08:03:39.155,62228.21482411327,62319.1223228316,62388.793905417886,-0.11684750300954283
2024-10-09 09:08:53.535,62199.03458257609,62304.70126439083,62371.54943154344,-0.04689230057403071
2024-10-09 10:03:33.087,62222.52557136533,62297.539391715036,62357.07818171582,0.037767449200609704
2024-10-09 11:12:03.048,62135.36928631705,62269.13661628948,62341.28208641738,-0.14007191808426134
2024-10-09 12:08:50.358,62144.51760051554,62245.86682762262,62331.945259546505,0.014723199207744564
2024-10-09 13:08:06.731,61979.063023858784,62172.819555676026,62315.272961224466,-0.266241630066788
2024-10-09 14:10:59.238,61843.71256020341,62107.49106413564,62302.04310031044,-0.21838094519640583
2024-10-09 15:14:35.212,61935.669410618335,62065.698862207784,62287.087112517256,0.14869231908645197
2024-10-09 16:04:58.867,62273.12429552298,62076.28310691449,62277.504108697176,0.5448474007238024
2024-10-09 17:05:01.805,61752.45976427412,62009.13084875861,62252.09735627265,-0.8360982962377195
2024-10-09 18:08:27.131,61786.15413301724,61959.24296971577,62224.83260086594,0.054563605841351226
2024-10-09 19:05:50.631,61117.826773189954,61812.5728515264,62178.60954009336,-1.0816781999223757
2024-10-09 20:00:27.237,61045.57389775629,61679.217262083184,62121.11986146379,-0.11821898658438412
2024-10-09 21:11:37.629,60486.87709708697,61485.38362449512,62045.14420397654,-0.9152126272169547
2024-10-09 22:09:32.651,60743.1844472768,61315.02862973205,61998.17840007772,0.42374042518087407
2024-10-09 23:13:31.105,60648.86752390266,61082.991948072005,61935.63543907916,-0.155271614803143
2024-10-10 00:06:13.137,60583.12205498274,60915.94370388752,61877.35274702847,-0.10840345682301411
2024-10-10 01:01:10.689,60388.16814788513,60716.23142029723,61824.85303719106,-0.3217957419240913
2024-10-10 02:12:15.973,60749.228818156014,60663.57456957809,61779.10751353133,0.5978996901953915
2024-10-10 03:07:20.644,60807.96354622658,60629.630233645265,61728.52707489866,0.0966839072910286
2024-10-10 04:12:51.217,60806.83687955058,60675.33877399722,61676.318548396725,-0.0018528275085860635
2024-10-10 05:05:49.110,60823.19050349816,60686.76821060026,61633.58254511476,0.02689438357066365
2024-10-10 06:03:36.307,60868.330109499504,60718.12000854267,61589.68586797382,0.07421446594246817
2024-10-10 07:07:45.586,61039.07191204449,60783.25570240865,61553.79093997153,0.2805100817417472
2024-10-10 08:17:30.965,60816.45760075644,60844.43990996168,61504.340126941366,-0.3647078900688938
2024-10-10 09:10:27.336,60832.72135922696,60856.367415828965,61456.34221624573,0.02674236401154495
2024-10-10 10:04:29.967,60873.383443728606,60865.71311547211,61407.64870722682,0.06684245516739296
2024-10-10 11:01:00.170,60998.011914516894,60893.02383475301,61364.002233671265,0.2047339308870466
2024-10-10 12:11:36.313,61226.55340601267,60950.6471065408,61321.87421628886,0.37467039387455436
2024-10-10 13:07:09.700,60966.09545988984,60964.61358516799,61277.376998252315,-0.42540030694795394
2024-10-10 14:04:12.582,61004.33428392234,60959.651066864826,61236.580980245955,0.06272145812200591
2024-10-10 15:12:20.494,60725.75258509342,60946.693207484386,61187.47158032985,-0.4566588621922607
2024-10-10 16:06:13.088,60749.31433413257,60934.77791818519,61138.36453908877,0.03880025859890335
2024-10-10 17:12:54.125,59946.32257559109,60802.340651308405,61065.396315397906,-1.3218120522725196
2024-10-10 18:13:32.164,59019.10515218885,60519.639685261536,60961.21590045367,-1.5467461281432837
2024-10-10 19:08:50.639,59448.19518772974,60265.588511221125,60876.85363924938,0.7270358207472238
2024-10-10 20:15:00.566,59858.81528931067,60107.405629709814,60810.69039688629,0.6907192056617495
2024-10-10 21:10:57.073,59648.4874804161,59913.713229208915,60734.45099921288,-0.35137315678235304
2024-10-10 22:00:07.636,59978.609247005,59806.97846662486,60657.96716426228,0.553445327003943
2024-10-10 23:02:40.762,60097.42054824134,59713.850782926114,60602.799190394515,0.19808945677124434
2024-10-11 00:12:48.491,60274.14830381827,59760.683029815715,60552.39899608789,0.2940687869208425
2024-10-11 01:02:09.266,60138.20314704477,59920.55417193798,60519.744875216384,-0.22554471626584638
2024-10-11 02:13:47.216,60401.86308358801,60056.79244277487,60498.287848077445,0.4384233694155526
2024-10-11 03:14:03.157,60654.95117619428,60170.52614090111,60503.89031738102,0.4190070962811543
2024-10-11 04:04:25.204,60582.95352143313,60304.02128961783,60498.549286519556,-0.11870037542689449
2024-10-11 05:01:29.010,60646.498268602045,60399.434006988835,60498.47031134287,0.10488882346488815
2024-10-11 06:08:44.211,60580.28619641105,60468.414813870215,60498.375782723815,-0.10917707383161224
2024-10-11 07:15:14.475,60857.11327929529,60551.695524652656,60514.007287104156,0.4569590212676111
2024-10-11 08:04:44.919,60637.25054969195,60622.98801074511,60510.27467815536,-0.3612769613213773
2024-10-11 09:06:55.779,60683.149779899,60663.17182450382,60506.11421927776,0.07569477473163833
2024-10-11 10:09:21.316,61135.8410866515,60731.870383140566,60517.081026181135,0.7459917759615742
2024-10-11 11:03:24.568,61151.39726054673,60813.07663158537,60528.02125141608,0.02544526029040206
2024-10-11 12:12:27.093,61216.4213572712,60894.49421568096,60539.62429300848,0.10633296970701256
2024-10-11 13:13:45.554,61337.80870418161,61002.71171679103,60549.582186079715,0.19829213178268468
2024-10-11 14:17:01.647,61892.85330654469,61150.67457782667,60585.46204293932,0.9048979969922488
2024-10-11 15:11:46.236,61993.10168622428,61344.367597331286,60624.141387172574,0.16197084852929144
2024-10-11 16:03:40.364,62305.8826676622,61576.186581297465,60671.89136130368,0.5045415908064177
2024-10-11 17:13:46.559,62258.78126639044,61736.60660697445,60713.91700636614,-0.07559703715778188
2024-10-11 18:01:38.105,62924.80345494198,61989.950349030914,60770.525341330445,1.0697642565500765
2024-10-11 19:09:24.169,62897.152322775866,62230.05477267444,60834.893903426644,-0.04394313632766211
2024-10-11 20:00:26.554,62967.264978789135,62462.83424047552,60900.32492658887,0.11147190838380894
2024-10-11 21:12:12.629,63123.36372364698,62638.6214429187,60980.245297874,0.2479045975880112
2024-10-11 22:12:39.577,62735.89700746058,62744.73506023817,61046.464720318254,-0.6138245703805056
2024-10-11 23:06:25.884,62434.984206254376,62763.178137179915,61129.420108007034,-0.4796501135074571
2024-10-12 00:07:25.959,62557.09837051421,62805.79486634045,61247.35321528455,0.19558612180701207
2024-10-12 01:13:11.607,62925.3019618285,62805.86608160995,61363.25677442118,0.5885880274265398
2024-10-12 02:00:17.626,62699.07996098267,62777.570029925206,61457.932263476905,-0.35950880455537515
2024-10-12 03:04:46.103,62536.38746032396,62716.016098715896,61554.1955961405,-0.2594814800471634
2024-10-12 04:09:47.073,62599.19906424621,62641.13543308722,61641.548590048544,0.10044009011889177
2024-10-12 05:10:30.765,62575.01469832429,62618.152246067744,61724.13506171798,-0.03863366669771828
2024-10-12 06:14:07.126,62718.58723292522,62658.66696416358,61805.61635935488,0.2294406725960929
2024-10-12 07:14:07.536,62644.88869994593,62671.20843979668,61889.172544451576,-0.11750668538752507
2024-10-12 08:09:46.993,62719.13459755654,62641.755959186405,61966.414928250524,0.11851868388852438
2024-10-12 09:01:25.632,62697.6510466996,62641.55182857454,62034.50492393404,-0.03425358304892656
2024-10-12 10:14:55.797,62835.43332331448,62684.27266614461,62109.58758399675,0.21975668037748086
2024-10-12 11:15:27.032,63053.628977024506,62749.19122511294,62189.8252742775,0.3472493817100242
2024-10-12 12:09:40.464,62821.3191160856,62784.377570507415,62264.52637159998,-0.36843218179171133
2024-10-12 13:02:17.775,63053.36012797396,62832.20226980009,62337.73459988927,0.36936666589184597
2024-10-12 14:10:26.270,63018.092264160055,62885.51706468782,62417.09599037154,-0.05593336142962757
2024-10-12 15:12:16.892,63223.49016295725,62957.56785974506,62501.774003140155,0.3259348092230496
2024-10-12 16:04:39.737,63141.84753226452,63021.02450054005,62568.640884660585,-0.12913338140981834
2024-10-12 17:12:31.861,63066.52320891162,63054.037341339645,62632.47841627275,-0.1192938222379536
2024-10-12 18:09:15.674,63120.167586437725,63063.5428569701,62695.93662391163,0.08505998871763953
2024-10-12 19:07:17.935,62981.24603523046,63086.38955970509,62750.71786827993,-0.22009059310088563
2024-10-12 20:04:38.177,62996.06905150953,63078.205120210165,62787.49172644542,0.02353560339338756
2024-10-12 21:08:38.470,63056.4644041204,63083.68685449021,62822.93715037529,0.09587162107129732
2024-10-12 22:09:00.208,63217.14548462702,63082.780471871614,62853.31257760745,0.25482094821687173
2024-10-12 23:07:37.134,63274.42560251386,63101.720196192946,62887.16738881157,0.0906085167998727
2024-10-13 00:04:37.785,63191.88842763342,63119.62951315321,62896.070221234615,-0.13044318315733605
2024-10-13 01:06:52.249,63075.209405120346,63113.20691582215,62902.00545731276,-0.18464240492938044
2024-10-13 02:02:21.319,62873.5146211585,63097.816713811866,62898.88044539175,-0.31976871082012304
2024-10-13 03:01:14.613,62814.564170195976,63071.887445052795,62888.58712694338,-0.09376038752999527
2024-10-13 04:06:47.492,62729.42078840493,63025.166928522005,62888.37125297486,-0.13554719819490746
2024-10-13 05:08:25.510,62830.81279277122,62969.97654397118,62901.56553919208,0.1616338921863969
2024-10-13 06:09:01.141,62883.218593711725,62914.08982842802,62912.436213298664,0.08340780360960309
2024-10-13 07:06:40.558,62898.18308533471,62872.13192238534,62911.53225074887,0.023797273672765407
2024-10-13 08:04:41.707,62846.55238447297,62839.46663372143,62916.44799819856,-0.08208615627528504
2024-10-13 09:06:44.196,62805.12899389511,62829.6972583981,62925.406049317586,-0.06591195380845072
2024-10-13 10:01:26.749,62813.160246549385,62829.49669787715,62932.5380887277,0.01278757449101331
2024-10-13 11:05:30.806,62732.76385685874,62829.97427908484,62937.79639401217,-0.12799290686071885
2024-10-13 12:04:09.013,62533.60792088054,62787.51644024331,62931.63041694402,-0.31746717940346336
2024-10-13 13:11:46.359,62725.34385359956,62764.962905941575,62934.31225539915,0.3066126185484297
2024-10-13 14:13:47.149,62529.76123685912,62712.33121330221,62927.99981004256,-0.31180796265848354
2024-10-13 15:05:44.974,62201.95703388802,62620.24616321864,62911.47667628217,-0.5242370936447305
2024-10-13 16:09:26.073,62201.28043098085,62533.98208280232,62890.33824653772,-0.0010877517998442165
2024-10-13 17:09:56.334,62731.239415578086,62522.279106949274,62879.59192782284,0.8520065518350384
2024-10-13 18:15:29.525,62459.31832830549,62483.215460013096,62867.525234896835,-0.4334699741402992
2024-10-13 19:06:08.340,62488.0695679322,62476.709981020475,62848.68221622878,0.04603194590691029
2024-10-13 20:13:44.387,62666.64519633286,62468.324458553805,62836.96731396787,0.2857755562548192
2024-10-13 21:01:09.642,62735.233711400855,62497.67766920262,62820.692098916,0.10944979558600298
2024-10-13 22:06:48.594,63152.37822114162,62633.45212452457,62821.04312187856,0.6649285976358055
2024-10-13 23:17:06.170,62667.04710771247,62699.99022120051,62807.72725183859,-0.7685080548030299
2024-10-14 00:06:28.975,62824.380718404456,62713.296121604275,62797.86768957081,0.2510627482120942
2024-10-14 01:03:33.544,62513.51208680969,62721.03808710487,62782.276557956786,-0.49482164096158465
2024-10-14 02:00:43.958,62521.17598799639,62725.76757568547,62766.44678917302,0.012259591456076357
2024-10-14 03:12:30.403,62641.463333290536,62722.170166679425,62752.61342014535,0.19239456615025574
2024-10-14 04:08:55.897,64374.93715949218,62956.41351640677,62791.20647597419,2.7672945904512414
2024-10-14 05:04:46.825,64088.82670551039,63090.19187131659,62818.353179407415,-0.444443857510779
2024-10-14 06:16:09.027,63793.14925308766,63251.06360637018,62838.39520692255,-0.4613556958709575
2024-10-14 07:05:41.161,64042.88253364749,63425.13529426204,62870.65097787346,0.3914735100615019
2024-10-14 08:13:39.523,64543.37902338765,63715.11628520176,62926.313124614426,0.7815021278550383
2024-10-14 09:18:17.123,64460.80413761485,63992.20602086154,62981.18779019506,-0.127937035560044
2024-10-14 10:03:38.197,64772.01586844345,64296.57066874053,63049.274292863,0.48279219440732213
2024-10-14 11:10:45.532,64757.783215870375,64351.26296250884,63113.50664029965,-0.02197345934389361
2024-10-14 12:03:10.850,64895.869586156165,64466.554802601095,63180.595006714466,0.21323517178695184
2024-10-14 13:13:37.519,64798.15619623888,64610.12722305127,63243.92744374461,-0.15056950548687498
2024-10-14 14:12:40.109,65380.54836806865,64801.222342254296,63328.39397653112,0.8987789252305589
2024-10-14 15:01:30.896,65929.564331702,64999.24881487062,63432.541821124694,0.8397237058070939
2024-10-14 16:17:02.605,65690.6510647239,65174.94123302906,63528.45818173051,-0.36237652925489305
2024-10-14 17:03:46.819,65697.45819749263,65307.147280036086,63627.281326418306,0.010362407219877134
2024-10-14 18:14:40.340,65793.96562458319,65455.173338423636,63735.959916541724,0.14689674416390464
2024-10-14 19:03:12.999,65747.1920338359,65576.7908309493,63836.68818921627,-0.07109100402029611
2024-10-14 20:10:34.404,65785.65270123213,65717.86176023407,63945.217904695375,0.05849780987823294
2024-10-14 21:12:04.272,65956.20537308506,65800.0984752364,64070.35951600193,0.2592551184792624
2024-10-14 22:16:39.470,65938.65145658622,65801.39663593416,64194.93855018878,-0.026614503365607334
2024-10-14 23:07:56.832,66360.47670950771,65897.0860137604,64315.9131266531,0.6397238093339253
2024-10-15 00:00:26.103,66049.99492708022,65947.44840370149,64435.602346612264,-0.4678715371298825
2024-10-15 01:05:44.525,65904.9112208495,65963.29777459668,64549.49706837617,-0.21965740707609038
2024-10-15 02:07:35.250,65825.96343004808,65974.55083119842,64654.807676166674,-0.11979045163549307
2024-10-15 03:16:33.065,65711.34562327311,65963.93553434713,64754.011406562415,-0.174122490279649
2024-10-15 04:02:52.028,65338.222041026886,65875.65220119596,64826.87286722527,-0.5678221602481881
2024-10-15 05:13:18.390,65431.76611744364,65803.24000988988,64919.03016754963,0.1431689958720117
2024-10-15 06:06:58.781,65294.84614058695,65651.00707147263,65001.37901495572,-0.20925612279963923
2024-10-15 07:11:26.891,65733.36336511363,65605.77399119169,65108.70739089918,0.6715954634191279
2024-10-15 08:13:40.807,65671.25219234676,65572.39412997701,65213.70993104419,-0.09448957057298646
2024-10-15 09:01:41.525,65717.55741074623,65556.90755579104,65316.24640029272,0.07051063723262363
2024-10-15 10:12:20.393,65557.08136029403,65534.869803936876,65355.65120698612,-0.24419052803377195
2024-10-15 11:05:48.038,65722.51709768942,65589.76909774581,65410.10755339208,0.2523537258868558
2024-10-15 12:05:54.976,65498.32169106501,65599.27703683458,65466.946634657994,-0.34112419384541015
2024-10-15 13:05:32.418,65786.85089754505,65669.56343068574,65525.07891345457,0.44051389261690055
2024-10-15 14:17:20.676,67435.51023225303,65912.7272688485,65621.48328708342,2.506062096323114
2024-10-15 15:05:54.770,65317.16976708263,65862.14406523935,65650.02880806568,-3.1412833652102123
2024-10-15 16:16:39.445,66387.46292496128,65957.84485298434,65703.87704328295,1.6386092074951453
2024-10-15 17:05:30.600,66896.13645924987,66149.13843854946,65775.15548472892,0.7662192707432736
2024-10-15 18:07:05.351,67048.20508138103,66338.5224362197,65846.90000123643,0.22732048542712935
2024-10-15 19:05:43.695,66949.77779889802,66545.87330876727,65918.62072132506,-0.14680077171871364
2024-10-15 20:14:51.154,67010.28987674638,66720.65030579604,65972.94543828098,0.0903842848143821
2024-10-15 21:02:34.290,66639.38438219632,66606.91804150223,65996.60610663079,-0.5535052828935183
2024-10-15 22:10:43.716,66450.1225778925,66768.76844304649,66021.92182373641,-0.28400893264312055
2024-10-15 23:12:56.684,66750.55455383111,66820.63867574219,66057.02503561435,0.45211651127723407
2024-10-16 00:16:40.107,66898.7706568905,66821.01498969084,66093.8518700246,0.2220447516130486
2024-10-16 01:09:33.359,66900.79367581787,66799.95621746754,66132.30525809068,0.003024000153528661
2024-10-16 02:13:42.237,67464.22947477242,66873.44931402101,66188.25781720868,0.8421959860219319
2024-10-16 03:17:09.139,67152.4915782624,66893.76384280903,66228.13402404793,-0.46207879188272516
2024-10-16 04:16:11.369,67197.34601083359,66973.47264690006,66270.09050918951,0.0667948895372028
2024-10-16 05:05:40.244,66993.32242970717,67051.07262573073,66291.18536652949,-0.3036185106083278
2024-10-16 06:10:29.364,67139.01701632337,67106.56726322962,66327.48610283759,0.21747628171311373
2024-10-16 07:09:22.308,66941.27307550593,67112.63903731754,66362.03149799281,-0.2945290973940917
2024-10-16 08:05:45.219,66982.93494985857,67124.37350503764,66400.59721531982,0.062236453593644825
2024-10-16 09:06:54.926,67160.76003468232,67081.0207278819,66448.91102903346,0.26547819225428704
2024-10-16 10:09:25.300,67366.61373859533,67111.60960792947,66516.52408561908,0.3065088956806239
2024-10-16 11:06:09.046,67712.81424751118,67185.24792745484,66592.559023288,0.5139051671191552
2024-10-16 12:04:44.491,67802.35067885563,67300.8233916189,66676.14250789695,0.1322296707638948
2024-10-16 13:19:10.209,67741.50537542607,67386.893157205,66743.08057490738,-0.08973922411296131
2024-10-16 14:14:32.251,67899.28204498948,67523.75158141695,66817.34823666213,0.23290989577069432
2024-10-16 15:18:37.600,67719.5946762508,67628.98868518726,66884.08281217894,-0.26463809826386964
2024-10-16 16:18:45.867,67649.05152894293,67698.74461293877,66953.81515113391,-0.10416947656747277
2024-10-16 17:02:23.592,67793.65273954398,67759.75018450287,67022.85300586239,0.2137520147480254
2024-10-16 18:15:47.868,67936.53148981073,67791.70979054566,67104.12666582059,0.210755350232672
2024-10-16 19:12:19.442,67902.99553172094,67806.08762666928,67174.66482029312,-0.049363659513324
2024-10-16 20:12:16.241,67896.74017797409,67828.26402703328,67190.03915181714,-0.009212191152785376
2024-10-16 21:13:22.582,67596.02174447977,67784.94112696046,67266.00088439706,-0.44290555438458723
2024-10-16 22:13:41.759,67624.8457334718,67771.40556370631,67307.24697801407,0.04264154642263929
2024-10-16 23:13:13.561,67717.24474102454,67781.14745114655,67334.61725407322,0.1366347036367621
2024-10-17 00:01:41.109,67647.54414766871,67760.27479516437,67354.59522294947,-0.10292886785689959
2024-10-17 01:07:31.857,67696.5070636146,67725.98559142207,67379.48619844003,0.07237944342666225
2024-10-17 02:04:23.808,67858.8459657333,67719.6785105667,67407.77140140627,0.23980395615708083
2024-10-17 03:02:29.740,67459.34522207073,67657.1935168662,67435.10342940208,-0.5887231619946975
2024-10-17 04:04:43.086,67575.81038181401,67654.30617934253,67472.62635619946,0.17264496024960163
2024-10-17 05:12:54.108,67329.12323409185,67612.06010800254,67491.91197887482,-0.3650524445483305
2024-10-17 06:02:23.759,67339.18303715023,67558.05129316336,67506.59239155013,0.014941235790932872
2024-10-17 07:13:31.508,67108.18186118477,67480.99953795136,67513.50533106238,-0.34304125109153594
2024-10-17 08:02:44.533,67282.61792681798,67421.87251840897,67507.45161279723,0.2599326353290854
2024-10-17 09:17:22.522,67400.56598022403,67356.40394905051,67515.72075952929,0.17530241396719326
2024-10-17 10:08:14.652,67260.94179047293,67328.0606016794,67517.84061885059,-0.20715581200321243
2024-10-17 11:05:51.521,67237.08796399015,67279.67168484742,67525.96613666002,-0.03546460374742599
2024-10-17 12:07:49.519,66909.04088406198,67219.65992055743,67518.30026558465,-0.48789602563374945
2024-10-17 13:07:23.905,67111.571368663,67187.1439679164,67523.97687535654,0.30269524405821535
2024-10-17 14:19:32.362,66882.70873243679,67154.9335209524,67520.63600144249,-0.34101814569205136
2024-10-17 15:08:26.255,67027.42751254764,67118.47774748522,67516.191584038,0.21637697224523578
2024-10-17 16:00:50.678,67542.60133051021,67138.76851181182,67522.05783710183,0.7686015069967134
2024-10-17 17:19:36.770,67488.37855293385,67171.25947787767,67514.57664728258,-0.08027937406649421
2024-10-17 18:01:07.290,67264.69569765788,67175.20343983019,67496.65481457599,-0.3314390715440374
2024-10-17 19:08:57.050,66864.1449497314,67168.78973492583,67467.40946705284,-0.5954843677980493
2024-10-17 20:16:26.997,66966.57629938495,67148.07615360038,67436.31927553269,0.15319323941187513
2024-10-17 21:17:19.679,67020.35821683521,67167.7403656573,67413.01139355217,0.0803115829153711
2024-10-17 22:07:15.388,67172.52423732623,67188.4684691971,67397.12715049827,0.2270444750514411
2024-10-17 23:10:29.526,67359.62994960629,67162.32970049654,67382.65972416702,0.2785450069123341
2024-10-18 00:10:50.095,67384.55328336271,67147.49751912923,67364.26045061875,0.037000401835740604
2024-10-18 01:01:31.832,67197.0288096479,67137.8308208421,67340.72822654965,-0.2782900005676825
2024-10-18 02:05:25.401,68159.48725833799,67322.87972207161,67349.48646256178,1.4322931619737078
2024-10-18 03:04:43.334,68012.28921403598,67472.26728130748,67363.36204488033,-0.21596119663298552
2024-10-18 04:16:32.802,67627.00501851422,67558.93111011876,67363.43402104841,-0.5664920266236884
2024-10-18 05:15:39.038,67620.13186676119,67622.87505718089,67360.19692523962,-0.010163324179657263
2024-10-18 06:09:51.510,67971.95582603214,67710.35018238459,67371.01064785174,0.5202946956154753
2024-10-18 07:01:38.659,68027.92128729771,67802.25989723245,67382.05778864118,0.08233610550918424
2024-10-18 08:05:31.759,67925.13284870295,67906.2747599546,67384.26735140683,-0.1510974268354559
2024-10-18 09:15:26.368,67931.19325360672,67873.66133070727,67399.99561912469,0.008922183365123182
2024-10-18 10:01:51.837,67795.18448256691,67842.64636906884,67407.3080891498,-0.2002154894174324
2024-10-18 11:08:54.924,67819.1974582885,67870.10243189373,67423.64389662302,0.03541988402990803
2024-10-18 12:17:24.627,67786.38362511282,67893.85268308684,67438.55058288843,-0.04838428410459672
2024-10-18 13:01:56.095,67639.23053305398,67846.32049837566,67456.25220528408,-0.21708355600242868
2024-10-18 14:17:45.611,68066.05890516771,67851.76872949993,67482.3669045624,0.6310367056957311
2024-10-18 15:07:13.456,68419.05017853026,67922.3283480467,67516.31637783928,0.5186010164836441
2024-10-18 16:11:50.963,68516.53814816607,68005.94904726946,67558.16958976239,0.14248658726103702
2024-10-18 17:03:27.918,68860.81979831123,68158.18266380437,67612.29398423975,0.502479634042019
2024-10-18 18:19:07.032,68674.04930414695,68280.30435606986,67671.12759824259,-0.27122897274723945
2024-10-18 19:01:29.739,68818.86219394306,68427.80129447418,67728.03729241858,0.2108698864614178
2024-10-18 20:15:49.584,68592.18103003321,68563.93707975691,67785.01970233845,-0.32938813093279506
2024-10-18 21:12:42.884,68374.00849415653,68607.9298781839,67829.90573505877,-0.31807202016387315
2024-10-18 22:15:54.177,68313.33008540582,68592.82700773755,67855.59669355529,-0.08874484630501112
2024-10-18 23:03:51.319,68207.84385443444,68548.72782291875,67879.57887027197,-0.15441529616474492
2024-10-19 00:09:23.517,68465.27205109,68492.22100188714,67919.59808205304,0.37741729119153966
2024-10-19 01:12:24.121,68391.47259599468,68451.85290072254,67970.50900359514,-0.10779107843206237
2024-10-19 02:00:50.423,68322.86508941474,68380.99617150422,68015.71862992947,-0.10031587853828183
2024-10-19 03:16:44.536,68583.88574548792,68379.81113085487,68067.8362142179,0.38203997407249
2024-10-19 04:17:07.809,68511.12776547814,68399.39959818653,68112.45633182296,-0.10608611515505739
2024-10-19 05:05:04.518,68328.06231657199,68401.50420263884,68144.7374107218,-0.2672054232311205
2024-10-19 06:21:22.437,68421.94974335299,68432.09075819864,68179.31729272149,0.13740683344130034
2024-10-19 07:02:56.939,68320.54801860373,68411.41589641488,68216.76793302002,-0.14820057763570427
2024-10-19 08:19:07.980,68369.12306366205,68408.22310608164,68223.75579319749,0.07109873451993654
2024-10-19 09:00:50.190,68395.99619757547,68418.67040724747,68236.54602598214,0.03930595085797073
2024-10-19 10:01:55.798,68342.70025901824,68384.21533775181,68260.40253399893,-0.07792260003535167
2024-10-19 11:04:54.080,68235.7274962037,68344.87244214116,68280.92238831369,-0.15652405071662212
2024-10-19 12:09:59.956,68135.41134585769,68317.35087489626,68286.3709056412,-0.14701411419932864
2024-10-19 13:10:47.869,68132.86920292098,68276.05365483454,68289.86916949532,-0.003731015761843093
2024-10-19 14:02:04.753,68109.50900897536,68245.90522488764,68296.01504150439,-0.03428623250261165
2024-10-19 15:02:44.003,68317.17914416223,68238.4846649591,68308.88123785624,0.3049062285260362
2024-10-19 16:16:08.279,68161.66811455165,68205.00922452712,68321.09735892242,-0.22763092908509863
2024-10-19 17:17:48.187,68086.81749482211,68168.45454392767,68330.01802680685,-0.1098133625540676
2024-10-19 18:09:30.233,68120.15813192556,68151.94463474509,68341.14384370061,0.04896783008838668
2024-10-19 19:09:33.581,68153.76314929451,68154.56632095034,68358.29493090864,0.04933197204837203
2024-10-19 20:00:37.622,68180.57948997102,68161.3820762432,68362.1122837354,0.0393468231794758
2024-10-19 21:12:21.777,68274.29571728516,68184.92303457318,68357.28713502725,0.13745296390144102
2024-10-19 22:16:47.611,68243.4257567939,68174.3868363777,68348.18338864816,-0.04521461578905761
2024-10-19 23:14:06.133,68292.6510250729,68193.09868073788,68329.24442954022,0.07213188337646947
2024-10-20 00:12:55.930,68401.31281361237,68238.0265834222,68320.15321318907,0.15911197897351403
2024-10-20 01:08:17.530,68227.12665520306,68253.30780103327,68300.42869523106,-0.2546532387235789
2024-10-20 02:04:35.860,68142.6398721451,68251.7187614405,68285.44398996813,-0.12383165934120033
2024-10-20 03:04:09.241,68165.56901678542,68249.57440812828,68278.4960073891,0.033648747221048936
2024-10-20 04:08:59.573,68182.19152428264,68236.41666627077,68274.12472201833,0.02438548923888728
2024-10-20 05:10:32.656,68258.0593326102,68238.50717710167,68275.79857129086,0.11127217625519492
2024-10-20 06:10:39.936,68165.0993531082,68220.28550967814,68265.79281469146,-0.13618901622884927
2024-10-20 07:11:27.247,68362.4731678283,68214.73698885184,68264.8261670859,0.2895525959665246
2024-10-20 08:12:24.392,68369.00506126168,68235.00533257451,68266.36416614748,0.00955479392523717
2024-10-20 09:09:17.777,68390.8137461114,68270.45874314112,68259.92843283493,0.03189849673865819
2024-10-20 10:02:22.570,68424.8157383145,68307.49398907385,68257.0513652628,0.04971719203303859
2024-10-20 11:10:49.969,68364.43077005011,68333.52816704063,68258.26364704542,-0.08825009992767807
2024-10-20 12:12:50.263,68408.5049535702,68355.02039860634,68257.81548738599,0.06446946610048077
2024-10-20 13:04:19.292,68231.41614551644,68364.49422609324,68254.84442494974,-0.25886957794787335
2024-10-20 14:08:35.881,68507.98878821934,68385.28217186338,68259.47328243499,0.4053450130846681
2024-10-20 15:02:32.543,68644.27766821353,68424.60682999936,68267.74933145625,0.19893866745308575
2024-10-20 16:11:41.542,68547.21799195738,68446.95029369164,68274.56658922089,-0.1413951454559359
2024-10-20 17:02:38.850,68483.87886318057,68455.38788295822,68282.83830145345,-0.09240218732764482
2024-10-20 18:13:52.069,68649.27711834146,68496.08021842843,68299.96716053625,0.2415141459661374
2024-10-20 19:03:52.012,68580.24448000027,68520.61443648985,68314.87966977221,-0.10055843446419299
2024-10-20 20:12:42.175,68506.61626561583,68559.9287393612,68328.1165783269,-0.1073606764494972
2024-10-20 21:07:48.546,68780.18420051697,68598.81379826086,68343.55008020539,0.39933067755157925
2024-10-20 22:01:16.793,68724.29007539265,68610.2441421436,68362.30414556676,-0.08126486687121126
2024-10-20 23:14:55.869,68928.71558093466,68664.74379771178,68390.36741510384,0.2974574278144626
2024-10-21 00:14:50.939,69058.70652244636,68746.86203474975,68421.65236145453,0.1885875000224857
2024-10-21 01:01:50.843,69137.43301697387,68816.59859169723,68454.44135704385,0.11399937602643018
2024-10-21 02:08:48.364,69227.74861744537,68909.09918276081,68489.34699462632,0.13063198405027787
2024-10-21 03:06:45.880,68736.20680857649,68941.8978317552,68504.7440310027,-0.7100358146632013
2024-10-21 04:14:19.167,68844.45959222123,68951.08003057008,68524.77849218361,0.15749019137207831
2024-10-21 05:13:16.150,69038.93052187603,68996.028665782,68549.6544754104,0.2824786929938705
2024-10-21 06:16:59.378,68920.35815282188,68994.83474748017,68566.95598671738,-0.17174711160476974
2024-10-21 07:04:33.245,68633.65815642751,68934.11355233462,68580.50703675818,-0.41598738613436437
2024-10-21 08:14:28.196,68587.69386367493,68855.57938757763,68595.34216980918,-0.06697048356044677
2024-10-21 09:12:15.795,68369.74674265663,68733.00769117924,68602.1480940049,-0.31776417712992
2024-10-21 10:10:40.543,68333.41666157664,68675.46624160784,68607.18893191469,-0.053137656362445274
2024-10-21 11:08:10.469,68206.03304276754,68584.26244882874,68605.45472225327,-0.1864148245945052
2024-10-21 12:19:59.139,68235.5145983704,68469.4887454708,68607.80189709534,0.04322426373100097
2024-10-21 13:15:45.943,68021.73347760204,68341.11379186796,68596.44390742113,-0.31329890604131494
2024-10-21 14:03:32.405,67337.97630108232,68156.0163839615,68562.07628208182,-1.00520398637719
2024-10-21 15:06:09.077,66975.78431429762,67925.74359119331,68514.9086343547,-0.5378718023322571
2024-10-21 16:18:30.149,67174.30503999282,67754.96620509848,68473.22494441064,0.29640672032087423
2024-10-21 17:12:43.572,67568.03190435549,67645.62552549546,68446.67831555415,0.5861271867692031
2024-10-21 18:17:44.812,67248.80305011991,67508.87838368866,68408.02158543914,-0.4724554574676021
2024-10-21 19:01:39.042,67325.92623061893,67378.9371882956,68377.83858827589,0.11468335048512301
2024-10-21 20:17:34.275,67606.91706949721,67319.67770142348,68347.80286431848,0.4173590392440696
2024-10-21 21:06:50.103,67753.16154794223,67378.98987954632,68318.09899364278,0.21631585166750344
2024-10-21 22:18:45.877,67820.6793994581,67499.68917742638,68293.88104055946,0.09965269512639541
2024-10-21 23:14:19.126,67537.44761880304,67551.566688685,68262.33333241355,-0.4176186130292914
2024-10-22 00:08:02.226,67339.1104733254,67518.86362710925,68218.661110913,-0.29366988607134603
2024-10-22 01:13:14.895,67239.8550860165,67517.58534652306,68173.98146444689,-0.14739634457782147
2024-10-22 02:17:03.525,67580.24290385628,67553.91629984268,68143.10235238823,0.5062292555573666
2024-10-22 03:03:21.210,67278.41494349607,67506.98742469966,68093.04337715422,-0.44662159736479357
2024-10-22 04:09:58.736,67320.72394441451,67445.21062419571,68046.25783945493,0.06288644129617271
2024-10-22 05:14:25.059,67568.20534778519,67409.14290252814,68000.90749834996,0.36761548134125466
2024-10-22 06:03:43.778,67537.02571810021,67409.08263099917,67950.18480487175,-0.04614541636038805
2024-10-22 07:03:38.841,67577.7668773518,67443.17640300294,67898.195933551,0.060324183391857744
2024-10-22 08:06:57.007,67234.26289873883,67442.37751910613,67831.74640959412,-0.508309159188991
2024-10-22 09:11:40.088,66910.2006392896,67346.65719559659,67770.87953728456,-0.4819897556359032
2024-10-22 10:07:27.580,66902.83996291434,67293.00362694207,67706.15888297433,-0.011000828431140253
2024-10-22 11:01:17.948,67106.40216274856,67262.38622956122,67641.74127100341,0.3042654092816788
2024-10-22 12:09:40.044,67345.44354606132,67230.56311502923,67589.24411744473,0.35621248585644416
2024-10-22 13:08:37.446,66948.48231281895,67146.48548570334,67533.07158932445,-0.5894403724149067
2024-10-22 14:10:50.830,66852.38488317322,67042.85948653497,67475.22795664106,-0.14353936986458704
2024-10-22 15:11:05.141,67538.05579463561,67086.25847166308,67447.50492504035,1.02564914125447
2024-10-22 16:11:01.268,67069.73151245776,67109.0485964014,67405.3820867364,-0.6934228068422588
2024-10-22 17:11:54.159,67154.43722512922,67144.99106243209,67370.32889281512,0.12629499292946544
2024-10-22 18:09:26.712,67436.2017958462,67192.10529573176,67343.68513273097,0.4195769964870477
2024-10-22 19:06:24.284,67350.6815939495,67192.85358828721,67321.31673660922,-0.12681645706500433
2024-10-22 20:19:28.493,67461.73394744756,67266.17525037701,67325.44199148807,0.16488675521888485
2024-10-22 21:02:39.855,67490.66750716939,67357.35848237647,67342.6047645838,0.04288884680072602
2024-10-22 22:02:38.923,67470.38340494373,67347.69099813477,67352.47404341548,-0.030054677150004316
2024-10-22 23:08:12.478,67671.73452175625,67433.69142803455,67355.93079732885,0.29842889079798596
2024-10-23 00:15:34.340,67314.7451642939,67456.59256220094,67358.12886780131,-0.5275309698875574
2024-10-23 01:18:22.665,67140.00000698502,67414.27802093505,67351.93132701352,-0.25959417492018577
2024-10-23 02:01:11.516,67291.19684499837,67405.7801996563,67341.40731953022,0.22519636282041233
2024-10-23 03:19:10.322,67048.51010304615,67346.74822188469,67317.91893803369,-0.36065154631033103
2024-10-23 04:08:14.871,67100.35125363844,67290.98875709456,67293.9079998397,0.07731887034121421
2024-10-23 05:16:00.341,67132.94101686569,67242.78270165484,67280.42444644179,0.04856869244105333
2024-10-23 06:09:02.092,67046.74666265059,67153.4987217826,67270.67898608596,-0.12839353216097527
2024-10-23 07:07:39.799,66894.49922974805,67093.46358827605,67259.16712421035,-0.22707654059426208
2024-10-23 08:10:53.256,66988.77646614099,67071.86022529833,67239.4515762865,0.14093421354295366
2024-10-23 09:18:29.351,66189.4239095066,66914.46409165664,67203.15187515352,-1.193263407398426
2024-10-23 10:01:47.705,66460.79552573431,66830.50486632637,67174.48759453084,0.4099924129853827
2024-10-23 11:07:58.861,66404.5869531651,66731.10996625877,67135.70031471018,-0.08457402913187861
2024-10-23 12:03:27.410,66371.49937035276,66622.33258818548,67096.84943645193,-0.049827254908874075
2024-10-23 13:04:56.055,66369.29625662921,66525.55395875387,67056.56708242783,-0.0033193671145737014
2024-10-23 14:09:51.990,66651.90713957847,66490.8979458725,67037.15522378917,0.42581569926023466
2024-10-23 15:04:57.746,66423.94655262576,66410.20795822746,67020.94675423371,-0.34201660047826765
2024-10-23 16:09:50.868,66089.26267890583,66395.89921099877,66993.82751143342,-0.5038602658978819
2024-10-23 17:08:29.922,65730.51055081871,66291.57278601083,66947.96445770242,-0.5428296723933967
2024-10-23 18:11:10.362,65441.76998856602,66154.02750535382,66884.50867245258,-0.43927935418888175
2024-10-23 19:10:36.108,66027.65745745016,66104.90723208203,66853.81451060696,0.895280596760295
2024-10-23 20:17:15.837,66273.84074380784,66091.2707302504,66834.52970596144,0.37284873617746683
2024-10-23 21:13:00.856,66397.31583836029,66054.90054436208,66796.50504075226,0.18631045547783387
2024-10-23 22:17:47.229,66484.57703066358,66063.56204122464,66776.99989135913,0.1314227709380944
2024-10-23 23:01:52.149,66422.32396194109,66111.14222451538,66752.59611591951,-0.09363535349526941
2024-10-24 00:03:55.665,66634.17093344168,66240.23656489009,66725.86175383937,0.31893941504059775
2024-10-24 01:02:52.775,67458.1503584916,66528.29090345089,66729.44404599078,1.2365718872273002
2024-10-24 02:00:10.332,67173.41752724843,66691.97091342208,66719.8334986508,-0.4220881090424622
2024-10-24 03:01:38.491,67404.01758647371,66853.42474808863,66716.94516796095,0.3432906463806784
2024-10-24 04:17:09.350,67252.0757951814,66975.53331334879,66709.66824763553,-0.22541948793687316
2024-10-24 05:11:23.960,67317.04786048307,67094.4577176087,66697.84535892642,0.09660975446994513
2024-10-24 06:08:30.565,67389.42187998109,67232.614563043,66700.33458278267,0.10751217083675435
2024-10-24 07:13:20.961,67131.71363671799,67303.69209208248,66700.05837044043,-0.3824164625155446
2024-10-24 08:01:57.867,67036.16238837304,67243.40809635124,66691.55722188625,-0.14233399263726687
2024-10-24 09:03:51.763,66821.51448200297,67193.13623274476,66683.99070118481,-0.3201971871935494
2024-10-24 10:12:16.345,66878.10179285394,67118.00540508478,66676.58238582533,0.0846842686665017
2024-10-24 11:10:51.337,66953.88643324624,67075.40692480834,66670.61389970468,0.11331757086503469
2024-10-24 12:01:28.094,67205.43374233814,67059.46205078762,66675.9034690276,0.3757023266195203
2024-10-24 13:14:05.723,67449.14772873698,67067.99431489561,66694.39175232724,0.362640299790673
2024-10-24 14:01:20.328,67886.67114716515,67175.84538781663,66724.32157502804,0.6486715298283263
2024-10-24 15:06:51.329,67571.93119914742,67252.38378935584,66770.4051513494,-0.463625543422852
2024-10-24 16:01:40.847,67660.36965717719,67372.22024295216,66810.39095573084,0.13088046539488918
2024-10-24 17:12:33.150,67512.25922384411,67462.81416166502,66847.31336475346,-0.21890278472246338
2024-10-24 18:05:34.479,67610.00306414347,67556.54510893606,66888.59682121316,0.14477939476928992
2024-10-24 19:04:11.659,67746.53020737754,67633.8446039417,66934.50461957144,0.20193334868590096
2024-10-24 20:06:57.879,68217.23463681337,67743.57130509547,66986.68220281259,0.6948022695700828
2024-10-24 21:10:57.456,68426.73290868977,67820.72298531326,67053.44174801472,0.3071046092556484
2024-10-24 22:08:27.784,68443.44970222126,67945.22562860952,67131.9146487919,0.024430208517767227
2024-10-24 23:10:37.633,68188.53369743592,68020.67763436078,67213.84875367915,-0.3724476277779831
2024-10-25 00:11:09.391,68205.62301532381,68119.72960457216,67305.9771879044,0.025061864453213012
2024-10-25 01:03:20.395,67938.9721583514,68166.72518945902,67369.68767793445,-0.39095142773272196
2024-10-25 02:01:01.730,67917.63585102985,68191.1688528379,67424.48084817518,-0.03140510761897586
2024-10-25 03:07:25.586,68124.95091589636,68177.98546413549,67482.06868409304,0.3052448193592072
2024-10-25 04:14:27.189,67951.99563646557,68110.16585381774,67530.98263761979,-0.25387949217654526
2024-10-25 05:05:55.419,67701.9444797849,68004.23653632683,67573.63665488125,-0.3679820648953558
2024-10-25 06:08:18.345,67661.43930132159,67928.93733688192,67607.87893381057,-0.05982867814883219
2024-10-25 07:10:28.300,67662.07427886529,67851.28751738786,67614.67639782303,0.0009384629565234448
2024-10-25 08:08:16.308,67403.43814339575,67774.78265810848,67622.34375169461,-0.3822468321080241
2024-10-25 09:05:51.608,67601.46908367124,67729.61597705724,67628.92546826786,0.2937994644341302
2024-10-25 10:11:25.402,67735.93100176468,67674.04170360985,67645.05397515398,0.19890384028047325
2024-10-25 11:11:35.156,67813.47011725102,67654.25234372207,67661.6013837129,0.11447265039337129
2024-10-25 12:09:00.460,68222.92987414467,67728.67882863061,67689.38498351835,0.6038029851380244
2024-10-25 13:03:39.940,68012.58189285669,67778.84205599276,67718.74725872297,-0.3083244616964187
2024-10-25 14:18:01.588,68430.20743580886,67888.57536412755,67765.21542697084,0.6140415954360767
2024-10-25 15:14:38.526,68397.23430928167,68030.54624496841,67817.73942121345,-0.0481850454101207
2024-10-25 16:03:45.437,67682.76664495179,68042.16018229419,67844.56158295006,-1.0445856057558989
2024-10-25 17:16:15.025,67704.81748414181,68037.71539406235,67869.59261797991,0.032579695368673
2024-10-25 18:19:05.708,66673.98389972716,67874.93164870181,67851.87762322622,-1.522540969342534
2024-10-25 19:10:57.187,67003.29912054565,67700.69868390194,67837.01600295317,0.4939186194629741
2024-10-25 20:07:11.108,66742.42521406138,67519.24772978833,67798.8744718497,-0.3893448679518463
2024-10-25 21:06:43.975,66897.00818917173,67300.21926598302,67776.37703818384,0.23161126467095006
2024-10-25 22:17:42.998,67232.5642835183,67133.83783373112,67762.11685906189,0.501601048282585
2024-10-25 23:07:02.821,66765.01694105784,67002.73073317485,67737.20878296901,-0.6954179830012452
2024-10-26 00:18:04.416,66512.00667219302,66832.32918861073,67700.60890323733,-0.3789563463874823
2024-10-26 01:04:37.002,66664.15299421665,66830.9247735378,67664.52966279864,0.22875016051386865
2024-10-26 02:06:45.098,66510.70501488034,66760.55418701418,67607.64534206752,-0.2301806479857671
2024-10-26 03:16:02.063,66666.5151392266,66749.70989060921,67548.97141641876,0.23426322771860075
2024-10-26 04:18:44.988,66874.42379677511,66746.48354883827,67496.67055290389,0.3118636951613851
2024-10-26 05:14:44.423,66906.70575277423,66699.93233016055,67453.94295474849,0.048272499658796875
2024-10-26 06:16:08.675,66997.21134106825,66733.10295873346,67413.66256560665,0.135271326357711
2024-10-26 07:14:37.136,67057.26401848508,66810.9968653466,67384.27229427776,0.08963459256701167
2024-10-26 08:11:14.310,67002.4134703477,66859.31979050818,67353.76488158836,-0.08179657929714423
2024-10-26 09:18:07.614,67039.78139077751,66934.90212992208,67317.5925640844,0.05577100658671341
2024-10-26 10:04:34.363,66972.31404802136,66978.58768832132,67284.93651113626,-0.10063777261277718
2024-10-26 11:01:08.785,66964.39115764327,66991.44016844535,67260.35140039821,-0.011830097990062072
2024-10-26 12:07:25.161,67095.83776283116,67018.4590270249,67241.49801578185,0.19629328799308787
2024-10-26 13:07:34.051,66958.97762819503,67012.99706804301,67218.06146075952,-0.20397708591090025
2024-10-26 14:01:34.685,66807.86173869942,66977.36817093077,67198.20891393631,-0.22568428439084798
2024-10-26 15:12:30.331,66769.99460630867,66944.16547606807,67170.49309802422,-0.05668065315255211
2024-10-26 16:05:57.570,66781.57743388906,66907.27919651257,67138.68131242837,0.017347354374797064
2024-10-26 17:19:22.180,66915.79257457827,66899.20470030642,67108.75872767261,0.20097629592843447
2024-10-26 18:09:23.345,66966.38813873711,66899.48998331981,67066.87400315903,0.07561079711109198
2024-10-26 19:08:06.978,66987.78932787797,66884.05449261222,67032.71425099307,0.03195810575378211
2024-10-26 20:06:38.308,67092.98400084837,66903.19826013412,66988.14013649439,0.15703559413720036
2024-10-26 21:18:54.629,67119.85788900421,66947.76913874909,66945.56092248514,0.04005469209045209
2024-10-26 22:03:22.051,67114.26911043038,66996.95121076648,66926.61100466775,-0.008326564968408334
2024-10-26 23:18:55.254,67019.93019541143,67031.00160526969,66903.78142837674,-0.1405646165403729
2024-10-27 00:20:42.915,66945.31095116354,67035.21851621043,66912.82566342462,-0.11133888685100901
2024-10-27 01:12:44.172,66877.16853130824,67022.47285800631,66908.62131045003,-0.10178818932518041
2024-10-27 02:13:50.621,67009.45163173336,67025.5674728428,66917.52219103911,0.19780009131695753
2024-10-27 03:11:31.979,66972.30991923137,67008.32831832608,66920.03224870776,-0.05542757267454901
2024-10-27 04:14:13.240,67184.77045359413,67017.60154183893,66918.43912104362,0.3172363841399406
2024-10-27 05:16:05.807,67088.1564660739,67013.87116407372,66929.21043854415,-0.1438034049501824
2024-10-27 06:12:03.740,67066.5958568023,67020.53768712954,66947.6967446978,-0.03213772803921655
2024-10-27 07:02:44.759,67101.76539364202,67042.88832176934,66962.28382467864,0.052439722622588114
2024-10-27 08:02:18.573,67114.06573710867,67076.73077974083,66982.39584875292,0.018330879067773864
2024-10-27 09:16:03.662,67065.59825096554,67084.75172534541,66995.69861914423,-0.07221658472156278
2024-10-27 10:08:35.291,67053.76791966317,67096.38858254996,67001.67675657383,-0.01763994001531266
2024-10-27 11:13:22.499,66964.40047913392,67064.90715762708,67003.59991411914,-0.13327728374088466
2024-10-27 12:19:27.934,67112.7795863297,67068.42474623505,67007.4521889612,0.2215790869986467
2024-10-27 13:05:01.705,67322.75033199451,67105.01824269108,67016.30173274485,0.31286253819171606
2024-10-27 14:16:40.337,67535.80160044126,67167.02341509097,67034.0813370813,0.3164625143745825
2024-10-27 15:21:38.669,67676.02703728082,67247.30360082984,67055.28952529808,0.20763126151839284
2024-10-27 16:07:35.675,67753.01779859755,67345.50639334871,67081.31298365061,0.11376371321902834
2024-10-27 17:04:53.862,67747.59234422616,67444.62416828627,67107.41968987003,-0.008007694044742664
2024-10-27 18:37:35.491,67595.3005653455,67534.75275203078,67124.06844995386,-0.22479290202204183
2024-10-27 19:00:31.093,67484.21198250225,67587.81452291258,67141.57626176409,-0.16434364802603296
2024-10-27 20:13:06.490,67723.12721809652,67645.01122092715,67172.08511107734,0.3540313038792098
2024-10-27 21:04:00.259,67675.42673447385,67664.9576686461,67202.26618201617,-0.07043455549394784
2024-10-27 22:06:20.857,68083.01711499192,67723.0991083191,67245.6475047196,0.602272346382482
2024-10-27 23:15:29.571,68199.44025933371,67786.87374556714,67288.43576087811,0.17100174063255924
2024-10-28 00:15:36.831,67942.828513585,67814.76462690411,67320.98377337304,-0.3762666449650065
2024-10-28 01:15:00.652,67777.93650410564,67840.8554752984,67347.32201258063,-0.24269229451697738
2024-10-28 02:08:40.033,67615.68544870683,67859.63739904192,67364.74539417592,-0.23938624243743378
2024-10-28 03:16:27.461,67834.09439555898,67875.48985296514,67388.55327772774,0.3230152077920323
2024-10-28 04:15:39.653,67707.64055091672,67880.09182674269,67408.33232574395,-0.18641635267490075
2024-10-28 05:13:28.902,67643.27429103329,67817.27142332002,67429.11046226468,-0.09506498728903967
2024-10-28 06:13:26.480,67805.66296560635,67761.0175242161,67457.7888627461,0.24006625385162295
2024-10-28 07:06:18.897,67977.34084791737,67765.94785769217,67494.46127329975,0.25319106812375924
2024-10-28 08:09:01.971,68379.17792304278,67851.83948896891,67540.1188163434,0.5911338544772216
2024-10-28 09:04:19.357,68236.23832827214,67940.48990033536,67582.24976331141,-0.20903965082983422
2024-10-28 10:01:15.366,68493.98057175319,68034.75935407741,67625.89010058339,0.3777204749199292
2024-10-28 11:15:46.536,68569.3264986342,68157.85734660846,67675.26243500206,0.11000372040297357
2024-10-28 12:06:45.155,68679.73952833364,68305.92380907995,67729.03389071977,0.16102393787058578
2024-10-28 13:17:14.462,68968.77774925514,68472.08306388692,67791.26763590687,0.42084932602615144
2024-10-28 14:07:59.797,68744.57489908698,68581.68792833971,67845.61794130616,-0.3250787638767183
2024-10-28 15:03:18.546,68752.59327823325,68635.03297908122,67901.85110888175,0.011664017354173772
2024-10-28 16:04:48.795,68417.87983070797,68660.98176514349,67947.32150591658,-0.4868375599604513
2024-10-28 17:07:54.334,68568.19751325126,68671.58418535748,68000.78140705382,0.21970526259398326
2024-10-28 18:08:37.415,68933.88401197261,68723.66383012012,68061.48488790858,0.5333179403624877
2024-10-28 19:01:42.210,69193.48926403186,68797.05664950558,68123.84285230983,0.3766003552246655
2024-10-28 20:03:13.455,69599.1769120034,68887.11367275534,68192.6220293619,0.58630898988703
2024-10-28 21:11:29.597,69685.47284377206,69021.5276648532,68259.60355624494,0.12398987401498474
2024-10-28 22:03:00.282,69744.10082185683,69163.17159965658,68325.97299035358,0.08413228136687767
2024-10-28 23:12:24.700,70078.87621953817,69400.45679806088,68403.68245286398,0.4800053248036562
2024-10-29 00:09:10.799,69752.77125564878,69569.68161840338,68475.59814254075,-0.4653398876828363
2024-10-29 01:19:59.935,69811.86283097339,69695.10716397493,68553.18650415646,0.08471573854469394
2024-10-29 02:04:04.865,70245.95210991266,69845.45899910075,68637.280667217,0.6217987335336961
2024-10-29 03:06:37.684,71268.18185786504,70083.88827708099,68757.03917133003,1.4552151650716105
2024-10-29 04:06:54.955,70882.25948930415,70254.8577978713,68850.34725047377,-0.5415072455904113
2024-10-29 05:08:01.570,70989.77601886717,70432.8113974442,68943.35844245824,0.1516832707332716
2024-10-29 06:03:19.278,70970.06333456477,70560.123842448,69044.26626982422,-0.02776834272186779
2024-10-29 07:14:46.865,71077.54851126998,70749.37773610817,69154.2533367297,0.15145143128660887
2024-10-29 08:12:32.290,70977.49653052777,70915.89683604451,69266.31370612372,-0.14076453512791298
2024-10-29 09:14:55.820,71144.57313189295,71044.27126775598,69376.66299733486,0.23539376497072606
2024-10-29 10:08:00.326,71212.77211140253,71036.3555896899,69493.50071601772,0.09585970722343351
2024-10-29 11:11:34.918,71217.04748530254,71084.1824462611,69612.62648916003,0.006003661665232585
2024-10-29 12:16:41.427,71182.77223487874,71111.75333426276,69725.19679813577,-0.04812787335908286
2024-10-29 13:07:07.482,71094.93359554998,71129.59194297492,69829.1165563902,-0.1233987333886244
2024-10-29 14:02:55.704,71794.42794122129,71232.00329011082,69942.95822366282,0.9838877544364077
2024-10-29 15:08:33.270,71766.83085235531,71344.76533608619,70060.64464113225,-0.03843903998869136
2024-10-29 16:07:39.050,72403.35451020412,71524.5912472735,70190.95710574728,0.8869329330680964
2024-10-29 17:09:49.673,72871.01944628704,71761.48372368558,70334.34687066903,0.6459161170730088
2024-10-29 18:20:22.394,72789.96518576762,71986.18625232344,70471.35439258351,-0.1112297606583712
2024-10-29 19:09:05.766,73295.00588659973,72287.933916855,70615.56199716167,0.6938328649329417
2024-10-29 20:10:31.967,72474.51077613192,72485.01637122386,70739.89319306315,-1.1194420418455975
2024-10-29 21:07:56.633,72286.14625937898,72555.2618452464,70857.67829243469,-0.2599045026116742
2024-10-29 22:09:02.000,72216.80618316926,72619.54403536266,70984.30917085006,-0.09592443337747003
2024-10-29 23:14:29.216,72560.5752049622,72642.00413461382,71117.38842724044,0.47602357396006045
2024-10-30 00:18:41.175,72507.95245963264,72590.13742223462,71236.52404216242,-0.07252250299961682
2024-10-30 01:16:37.419,72078.2970655303,72488.470547915,71332.68430221238,-0.5925631320806257
2024-10-30 02:06:06.749,72347.98995082706,72353.18255709033,71424.3114035065,0.3741665609157785
2024-10-30 03:01:44.598,72312.7998227552,72330.08099232224,71511.88896947261,-0.04864009089371457
2024-10-30 04:08:34.322,72192.60041406637,72316.71730013473,71593.50562254625,-0.16622148358720334
2024-10-30 05:17:16.423,72393.07745076442,72341.89890979117,71670.64566358713,0.27769748637422875
2024-10-30 06:18:50.802,72534.19768910302,72338.13069323986,71763.3598780356,0.1949360951460699
2024-10-30 07:13:23.586,72368.8918199016,72318.264887564,71848.59417766656,-0.22790059650201755
2024-10-30 08:01:34.683,72237.20901679379,72340.96659488734,71914.96940789591,-0.18196050788718
2024-10-30 09:15:33.162,72324.76079514054,72337.64814407499,71950.18870580509,0.12120038902168062
2024-10-30 10:16:14.181,72487.82049751891,72362.65109761266,72003.70740607893,0.22545487960927701
2024-10-30 11:09:20.989,72247.52326808852,72370.49721961583,72045.6323143863,-0.33150014413609874
2024-10-30 12:18:15.232,72077.56371772558,72325.42382918172,72082.548993825,-0.2352461962360608
2024-10-30 13:14:51.404,71771.66789667108,72216.49100169144,72105.6863066717,-0.4243981140268249
2024-10-30 14:10:31.999,72032.005327307,72168.36435989219,72140.83659989768,0.3627300831446689
2024-10-30 15:09:56.280,72345.19272355428,72183.79060371513,72180.85725295305,0.4347892229630279
2024-10-30 16:14:38.962,71874.74644406876,72119.5028392763,72202.92306404193,-0.6502799450451291
2024-10-30 17:17:54.968,71840.60429531842,72027.0433818191,72223.70829104245,-0.047502287575940105
2024-10-30 18:16:06.152,71965.58017156794,71986.76579660186,72249.8018889321,0.17396272967828974
2024-10-30 19:06:57.076,71855.1487893143,71954.99223540026,72275.14239539091,-0.15345027718857152
2024-10-30 20:05:46.312,71836.31663077752,71964.22776884402,72276.53868504279,-0.026208502597357963
2024-10-30 21:03:54.567,72859.56560197721,72082.4506652255,72312.96317669684,1.4244173688065853
2024-10-30 22:12:02.961,72428.50204743056,72094.35199720782,72313.80142793772,-0.591636185290334
2024-10-30 23:15:58.605,72537.38974251907,72189.01532555786,72302.68043781213,0.1503381845688212
2024-10-31 00:12:13.059,72388.91590191633,72267.34555507185,72289.31212835042,-0.20468594352479608
2024-10-31 01:17:53.763,72286.036125685,72313.12497708858,72255.67980298659,-0.1421208964791365
2024-10-31 02:14:38.524,72202.05301645458,72362.6827238229,72246.59787766401,-0.1161816496403234
2024-10-31 03:18:58.919,72519.57306330977,72460.29078561322,72254.37877112838,0.43976595344572544
2024-10-31 04:11:26.449,72320.02379467984,72383.21338457074,72257.81935817872,-0.275166083032119
2024-10-31 05:18:15.369,72194.06127433552,72349.72184555716,72245.60222715784,-0.1741737816651434
2024-10-31 06:00:44.439,72266.0989592653,72310.96601937804,72237.54044381226,0.09978339444853823
2024-10-31 07:02:49.034,72203.02986430954,72284.4108711485,72241.69820377158,-0.08727341846874737
2024-10-31 08:09:46.562,72329.48935058291,72290.61847470535,72241.08151709677,0.17514429312872615
2024-10-31 09:07:25.033,72321.14668855653,72307.63185643421,72241.3597459568,-0.01153424709794404
2024-10-31 10:12:33.786,72295.04967584062,72275.55708679576,72244.77472134928,-0.036084898969168666
2024-10-31 11:15:24.267,72448.26215725673,72293.87685287817,72246.61421156568,0.21192665625529017
2024-10-31 12:19:49.548,72225.49020232049,72298.36669973316,72236.32396200627,-0.3074910954422694
2024-10-31 13:13:54.322,72025.58086223969,72264.00697158664,72224.88026341754,-0.27678502357105783
2024-10-31 14:20:51.008,71161.18714630343,72115.17229758577,72189.01286773453,-1.2001204371951402
2024-10-31 15:18:28.330,70740.92130637477,71888.23400555605,72136.21821810902,-0.5905829522835471
2024-10-31 16:16:38.869,70607.84972726597,71643.47729680025,72073.55252576726,-0.1881111761783183
2024-10-31 17:01:57.860,70337.12216262396,71363.77336634073,72009.87248891842,-0.3834241740652722
2024-10-31 18:18:29.704,70423.56523238322,71074.53094850165,71954.73920607367,0.1228982180411009
2024-10-31 19:11:44.133,70622.9798741049,70845.6009016137,71916.44960532147,0.28316464959372567
2024-10-31 20:10:37.057,69964.0894315405,70551.10212579955,71847.5190754626,-0.9329689057852919
2024-10-31 21:14:59.039,70029.79237067723,70389.47430071009,71770.33906370003,0.0939095179692373
2024-10-31 22:19:35.518,70200.64919362342,70312.29257031702,71714.53582201852,0.24397733759058404
2024-10-31 23:02:35.763,70405.27560692604,70283.35341026846,71666.69153240543,0.29148792162623227
2024-11-01 00:03:34.209,70179.73597236395,70260.86966880274,71607.16339243196,-0.3203447932244141
2024-11-01 01:03:50.839,70086.07109032726,70212.65621993762,71548.19413579907,-0.13346428386903364
2024-11-01 02:09:20.962,69135.69634559606,70000.18714443635,71458.17345962634,-1.3560108734106957
2024-11-01 03:04:32.703,69493.585419363,69932.97228555384,71345.97412020588,0.51766177631003
2024-11-01 04:18:02.363,69329.1657625703,69832.88277011001,71242.66291071053,-0.23659688272018586
2024-11-01 05:11:27.158,69505.32070756624,69733.5501292447,71141.59394287877,0.25408490504446046
2024-11-01 06:08:42.225,69634.00748313217,69623.3689687027,71049.76366225263,0.1851466538905111
2024-11-01 07:13:21.857,69130.94832532185,69473.5421619824,70944.59406890719,-0.7224331558573271
2024-11-01 08:18:03.584,69317.71348977649,69363.77679047515,70848.44941801792,0.27016143851483765
2024-11-01 09:10:28.605,69296.74519201157,69386.78376853451,70741.02182230799,-0.030249551967709287
2024-11-01 10:05:41.754,69468.24836793519,69383.16418975912,70645.9626414165,0.24749095422649248
2024-11-01 11:02:58.411,69919.07922271991,69467.43754120906,70570.12990636264,0.6489739778624104
2024-11-01 12:12:59.133,70046.60421568704,69544.7637566549,70496.14674824337,0.18238940555967975
2024-11-01 13:03:48.197,70294.70383255692,69639.14894942984,70432.53588051829,0.3541922119535412
2024-11-01 14:16:08.127,71293.57948597429,69948.09625809449,70398.00555169799,1.4209828037638594
2024-11-01 15:14:56.870,70923.82801277052,70177.54118995077,70351.42826250513,-0.5186322188753478
2024-11-01 16:06:16.660,69345.35372545556,70184.48526615706,70253.10506415895,-2.2255909354339187
2024-11-01 17:02:35.546,69844.9093361785,70238.29397590611,70166.32663678967,0.720388005663275
2024-11-01 18:09:23.174,69503.6636049073,70178.94888764716,70075.59908354258,-0.48857638232260303
2024-11-01 19:21:28.115,69020.89099716532,70032.41842785836,69975.44275470676,-0.694600230696174
2024-11-01 20:04:24.560,69284.71677804172,69888.1345629276,69912.89374243138,0.3822404739562746
2024-11-01 21:19:49.393,69209.0988065412,69590.35160872286,69861.83299243692,-0.1091409116137032
2024-11-01 22:17:02.330,69384.28811999508,69370.41733832638,69821.04760552789,0.253130464743645
2024-11-01 23:18:09.660,69544.59650276595,69398.88059222787,69794.63008353263,0.23104421348769666
2024-11-02 00:02:18.700,69473.056978763,69345.7588268828,69762.94647507861,-0.10286855859479305
2024-11-02 01:04:39.164,69662.79463761573,69368.49183155542,69730.94030052898,0.27310970195357775
2024-11-02 02:09:30.363,69655.48607358806,69459.14827104438,69720.65352193057,-0.010491344864482777
2024-11-02 03:01:15.736,69642.32638674723,69510.23535800232,69707.7379891329,-0.018892534648218273
2024-11-02 04:02:49.407,69574.92942499154,69562.49687492379,69686.88066351184,-0.09677586211208622
2024-11-02 05:07:46.258,69430.40242682816,69569.08463304282,69654.3848908419,-0.2077285587751665
2024-11-02 06:11:46.093,69658.3822595126,69585.33974114948,69637.00643374685,0.32835735458209836
2024-11-02 07:04:12.651,69728.32471611118,69621.80656077064,69625.08155460632,0.10040781070397298
2024-11-02 08:20:33.898,69722.73091171448,69630.36888564189,69644.64937347693,-0.008022284228792476
2024-11-02 09:01:25.744,69624.21859828541,69625.9021034558,69649.00381277435,-0.14129153023825225
2024-11-02 10:20:08.229,69448.83294024071,69598.2601825263,69652.9927186967,-0.25190323363861733
2024-11-02 11:22:06.995,69607.56677909252,69602.92266168358,69656.40092108092,0.22856228410403912
2024-11-02 12:11:33.551,69616.25877582343,69629.47356868291,69655.80929750395,0.012487143471751061
2024-11-02 13:12:12.112,69475.82848467823,69603.39445799228,69667.30530281582,-0.20172053714837546
2024-11-02 14:08:09.076,69312.32127397711,69543.96539483027,69667.12556228918,-0.23534402434247648
2024-11-02 15:16:16.224,69183.82877819541,69466.97937575611,69663.36168182864,-0.1853818966382481
2024-11-02 16:05:49.546,69412.9332576336,69436.795755663,69661.51784481859,0.3311532239314241
2024-11-02 17:15:16.166,69519.99938972613,69446.96239130376,69648.2151837188,0.15424522069271696
2024-11-02 18:19:12.465,69268.54156350248,69398.53021764806,69622.27976197931,-0.36170573709873866
2024-11-02 19:05:27.562,69413.3617711876,69369.5449312715,69592.901693267,0.20907067539792656
2024-11-02 20:15:30.448,69482.80313086542,69370.54130929825,69532.54248143005,0.10004033503911991
2024-11-02 21:13:15.505,69459.2861779806,69391.53629558446,69483.72442027037,-0.03384571696183336
2024-11-02 22:09:30.723,69387.39205984579,69420.61676439167,69485.12569808339,-0.10350540883847792
2024-11-02 23:10:31.814,69258.7473726412,69398.59020939274,69465.58696596549,-0.18540066629632035
2024-11-03 00:21:23.343,69362.07666610858,69376.02982030452,69460.86740133885,0.14919313066901196
2024-11-03 01:11:33.666,69123.04621984242,69355.24477121023,69464.27257542808,-0.344612586236126
2024-11-03 02:06:00.427,68922.6957934696,69285.14963153623,69452.20520927568,-0.28984606051015716
2024-11-03 03:13:03.382,68339.87988613642,69121.87488228922,69423.23124526218,-0.8456081130076787
2024-11-03 04:05:00.973,68324.71891845985,68959.79384521484,69387.91227187768,-0.022184656604351538
2024-11-03 05:06:24.127,68573.7088243111,68843.5533829956,69355.54934926252,0.3644214126199419
2024-11-03 06:05:47.380,68446.97493204614,68727.58589148203,69321.34661437196,-0.184814113802223
2024-11-03 07:03:23.682,68549.87880698167,68611.55762589246,69284.24942001748,0.15034101220352536
2024-11-03 08:03:51.280,68367.69327347612,68503.65006212585,69241.32299334709,-0.26577075944733686
2024-11-03 09:01:03.046,68450.37288501477,68436.17536091802,69201.59120995601,0.12093374455084405
2024-11-03 10:05:30.678,68200.49111764514,68416.26267970497,69155.77659971113,-0.36505537784197184
2024-11-03 11:09:45.715,68373.76000281492,68423.26854889854,69120.55518557735,0.2540581194215852
2024-11-03 12:10:10.377,68370.90018503387,68394.29588614465,69077.63911642806,-0.0041826247100251734
2024-11-03 13:08:41.654,68390.71618098798,68386.25892170778,69033.0521652573,0.02898308476337874
2024-11-03 14:19:06.006,68048.91908317909,68314.69324687884,68977.25843763944,-0.49977119248811874
2024-11-03 15:18:36.075,67719.13813560325,68222.04251289701,68913.75575555004,-0.4846233445276793
2024-11-03 16:02:49.661,68096.68332008435,68171.51543219267,68868.68410154483,0.5575162278720791
2024-11-03 17:11:13.631,68439.14241616528,68205.60847483839,68829.73662278059,0.502901285913171
2024-11-03 18:04:39.169,68340.85707100407,68200.90805600827,68787.22323261994,-0.14360984327296267
2024-11-03 19:11:53.348,68313.76539011773,68192.74594244882,68748.48779613459,-0.03964199755088771
2024-11-03 20:19:06.583,68533.57811739066,68213.15479050635,68722.52969091505,0.32176930376719426
2024-11-03 21:20:55.751,69102.91649492079,68363.7258493266,68719.83261480588,0.8307436926099365
2024-11-03 22:05:46.658,69113.85653675799,68562.97133520585,68709.8633907767,0.015831519698594754
2024-11-03 23:00:25.756,68910.25635002193,68679.19605376835,68689.53862278657,-0.29458663853865197
2024-11-04 00:05:32.205,68736.01833017307,68721.6068986266,68671.78784834224,-0.25284773135051397
2024-11-04 01:01:40.434,68593.94033671275,68757.7616508707,68644.47380052642,-0.20670093629492348
2024-11-04 02:17:43.496,68850.9066242415,68834.49611288839,68623.41058363895,0.3746195163411681
2024-11-04 03:05:57.404,69317.98487239552,68946.55422074623,68618.70054011945,0.6783908463299237
2024-11-04 04:02:27.542,68980.29446757899,68929.03678826882,68605.13062037723,-0.48716131237538374
2024-11-04 05:19:51.518,69077.44677984508,68923.83539442412,68599.08726728402,0.14084067488542296
2024-11-04 06:14:30.128,68909.56966678747,68923.7372968192,68584.00370063998,-0.24302738575825433
2024-11-04 07:18:32.826,68985.50374870904,68959.37807089576,68579.41895160222,0.11019381239609771
2024-11-04 08:18:50.159,68639.82285689418,68965.93271663597,68569.98985371635,-0.5010920744654701
2024-11-04 09:10:57.629,68816.40479951414,68961.00388453205,68585.87401749562,0.25725873883462036
2024-11-04 10:09:51.523,68795.77488955649,68886.4024584122,68601.57588319884,-0.029978186186507827
2024-11-04 11:10:28.273,68634.09173414594,68836.94492506461,68603.58864686,-0.23501901922045043
2024-11-04 12:13:47.424,68846.44085070644,68803.94407804482,68616.90417748202,0.30939305991406485
2024-11-04 13:08:52.625,69021.33175867966,68819.91009117228,68632.61927587194,0.25403042744427395
2024-11-04 14:11:19.112,68588.81574774935,68763.24037674945,68639.99002501438,-0.6266410686518231
2024-11-04 15:07:23.661,68369.51093993724,68724.62438861275,68637.29462684513,-0.3197384375590473
2024-11-04 16:09:13.940,68447.31631587596,68671.89746237872,68645.52213345283,0.11380127613764834
2024-11-04 17:21:00.251,67502.47660613543,68487.14056474714,68616.47935356351,-1.3803897078743077
2024-11-04 18:10:36.633,67627.43829020744,68343.33292989878,68591.69729040263,0.18512162864947612
2024-11-04 19:15:46.734,67939.35870942277,68213.74976685827,68576.65204135046,0.46123352754661173
2024-11-04 20:09:10.863,67704.72935070655,68025.6637085764,68565.17905026804,-0.3453511531065989
2024-11-04 21:09:20.959,67393.7564421,67854.94095062648,68554.33299381792,-0.4593075130626789
2024-11-04 22:13:26.352,67568.50664501051,67740.51176563695,68536.7271046488,0.2592973179357472
2024-11-04 23:18:37.633,67826.1359557712,67651.77171419341,68516.293555969,0.3812860806798879
2024-11-05 00:19:04.529,67924.02766135675,67711.99329351075,68502.39924231409,0.14432741037966323
2024-11-05 01:17:54.880,67974.24898631287,67761.53767866867,68491.08202885393,0.0739374955891936
2024-11-05 02:01:12.708,67931.88800999154,67760.47043589277,68471.02569194062,-0.06231915313968939
2024-11-05 03:02:01.869,67845.07318578624,67780.51955518988,68429.09758163613,-0.1277968664620821
2024-11-05 04:18:16.381,68328.4164233378,67914.04240965241,68402.91624452213,0.7124220151225602
2024-11-05 05:06:44.606,68294.71262749047,68017.78612143526,68382.39812043773,-0.04932617732351652
2024-11-05 06:20:05.486,68558.36997760697,68122.39098169752,68376.47650868555,0.38605821735366863
2024-11-05 07:07:03.683,68707.34384729121,68234.29329397387,68380.25662570483,0.21729494113249537
2024-11-05 08:10:47.578,68967.05194821829,68376.12228853178,68384.12813650405,0.3779917638852437
2024-11-05 09:04:50.418,68937.32582515034,68519.7562621259,68371.43950159589,-0.04310191929076668
2024-11-05 10:07:20.237,68682.27903791916,68639.35709814489,68361.50565394055,-0.36996907579223137
2024-11-05 11:11:33.184,68832.98707632454,68711.43862000015,68353.35699715653,0.21942783570443325
2024-11-05 12:07:50.833,68777.97846846403,68780.47659728208,68348.97062387908,-0.07991605507329247
2024-11-05 13:04:34.272,68800.13180127917,68815.01400066382,68342.79155896475,0.03220992141446111
2024-11-05 14:06:09.169,68759.63086773353,68822.48357501272,68346.78515932607,-0.058867523194028326
2024-11-05 15:09:21.725,69850.61648060023,68948.70707963871,68381.25888202894,1.586665895524253
2024-11-05 16:09:39.611,69671.65571483735,69053.611349594,68410.4549095383,-0.256204991136455
2024-11-05 17:21:20.667,70389.62319708361,69297.51765804607,68468.97262496955,1.0305015359256764
2024-11-05 18:12:06.666,70114.02124251303,69480.52253893013,68511.22530469643,-0.3915377608982529
2024-11-05 19:13:17.040,70156.71599748162,69677.4850430755,68549.07144598984,0.06089331949870047
2024-11-05 20:11:16.671,69524.61018992226,69780.98195573881,68580.26459406228,-0.9009911575422858
2024-11-05 21:11:53.761,69351.55656588548,69865.5427697605,68612.99944826054,-0.24890988034891315
2024-11-05 22:19:59.057,69176.4744254778,69769.23676188588,68637.3047185806,-0.2524559636110535
2024-11-05 23:00:43.415,69432.88590833399,69735.12678952825,68701.65169532056,0.3706628373095544
2024-11-06 00:09:09.769,69504.64326298269,69608.70108465668,68764.22519441307,0.10334779220242396
2024-11-06 01:15:34.796,71328.5756209915,69782.20885301076,68877.19909146536,2.624187784271692
2024-11-06 02:09:17.183,71048.75270008823,69909.64266766884,68988.66653644474,-0.3923012880421517
2024-11-06 03:18:39.123,73936.29150188176,70539.88285509164,69206.75103843748,4.064165368226025
2024-11-06 04:09:22.942,74000.5371531924,71204.02293899262,69421.15205537686,0.08689325635031775
2024-11-06 05:05:34.459,74299.18772919537,71935.839125238,69636.92044782435,0.4035789299538628
2024-11-06 06:06:26.515,75022.53629119486,72734.36060850383,69873.53740215227,0.9735618707380045
2024-11-06 07:02:27.224,74272.95408891501,73415.54786935131,70083.49423890568,-0.9991427100923378
2024-11-06 08:13:44.505,73307.1307149019,73698.19859705279,70262.66899573602,-1.3003702166698328
2024-11-06 09:05:00.158,73506.11823613301,74049.25081648775,70451.37049741425,0.2714436089512162
2024-11-06 10:08:26.098,73638.06846083663,74006.64752490989,70628.3588986642,0.17950917266469357
2024-11-06 11:06:44.269,73779.16419876672,73975.02281713478,70811.1739510401,0.19160705987981697
2024-11-06 12:05:08.721,74327.86852109231,73979.12007312007,71003.49056915627,0.7437117623714684
2024-11-06 13:09:30.836,74176.8539732264,73858.30831341028,71185.8075733541,-0.2031735214135133
2024-11-06 14:03:36.084,74014.03548915165,73821.31994201551,71354.04035805189,-0.21950039042303304
2024-11-06 15:17:16.942,74354.32682073387,73970.9193857058,71534.60705790466,0.4597659475439553
2024-11-06 16:16:59.168,74528.31026547153,74116.94681846844,71729.47476548975,0.23399236087111586
2024-11-06 17:09:45.505,74397.36292697465,74225.41745648815,71914.95396051143,-0.1757014724075301
2024-11-06 18:16:43.874,74893.74464808198,74384.64323496177,72118.81283316534,0.6672033813813538
2024-11-06 19:08:43.330,75235.53022548991,74514.30919273286,72333.32611397238,0.4563606466921222
2024-11-06 20:17:31.351,76040.25999082449,74780.51005238973,72576.01375140874,1.069614001420205
2024-11-06 21:16:12.036,76187.62076255208,75091.02223430408,72787.24722747381,0.1937930929554632
2024-11-06 22:03:36.303,76002.14796147916,75326.42525441055,72998.2636356952,-0.24344217501024445
2024-11-06 23:06:51.181,75690.64678719686,75492.47332894274,73174.9644220323,-0.4098583824764801
2024-11-07 00:04:41.478,75640.3926009892,75670.0489966591,73359.17680064819,-0.06639418255858232
2024-11-07 01:01:47.399,75408.0514621776,75743.52139867275,73534.22131613804,-0.3071654321484485
2024-11-07 02:21:25.848,75319.5314978559,75755.52158043932,73727.38535973584,-0.11738794811066988
2024-11-07 03:11:21.738,75126.99542191428,75625.05521345216,73919.89998827013,-0.25562569510553246
2024-11-07 04:23:53.259,74818.08888361754,75429.4078021758,74107.95380354144,-0.41117914614036133
2024-11-07 05:12:36.883,74796.04287523964,75257.10707557015,74286.7257024383,-0.0294661474342095
2024-11-07 06:13:04.241,74568.22208113849,75096.76068899037,74455.51166304348,-0.30458936775726864
2024-11-07 07:12:11.406,74904.62153102465,74991.6505361383,74574.71319337795,0.45112977149988076
2024-11-07 08:03:42.596,74810.51954875953,74906.28883422143,74700.10542166697,-0.12562907380305743
2024-11-07 09:16:09.976,75111.30418782392,74876.54207564544,74739.27251119839,0.4020619571667883
2024-11-07 10:04:32.280,74951.55773993643,74851.4795496486,74770.97319742318,-0.2126796353955296
2024-11-07 11:14:17.199,74977.27820554851,74874.22088135303,74793.57621330163,0.03431611882080965
2024-11-07 12:12:14.503,74907.2812906931,74890.11208356066,74789.73437995157,-0.09335750314050095
2024-11-07 13:05:40.097,75039.68272471422,74957.46360407148,74815.29200114487,0.17675375709780283
2024-11-07 14:08:23.900,74807.69649728524,74943.61717068013,74865.31086055766,-0.3091513969748827
2024-11-07 15:12:11.163,74939.60348749362,74962.05773335644,74913.09370226967,0.17632810042902403
2024-11-07 16:06:55.305,76025.81096678146,75092.7015589218,74992.68511913452,1.449443857104371
2024-11-07 17:09:20.560,76008.9815913615,75243.76210912538,75067.01236555431,-0.022136397107697103
2024-11-07 18:02:11.403,76382.74840111578,75444.54356563499,75135.50836155511,0.4917403205896287
2024-11-07 19:11:32.677,76238.96337102703,75634.78386282556,75204.2453414818,-0.18824280756916112
2024-11-07 20:20:48.862,76683.43596935458,75869.60575491704,75293.22535748855,0.582999267926132
2024-11-07 21:19:15.910,76487.56152478016,76109.58647313059,75364.33318095676,-0.25543253519926257
2024-11-07 22:04:51.151,75927.03204399807,76250.64769548837,75410.95724024097,-0.7328374308291807
2024-11-07 23:01:06.695,75862.29356974358,76227.28806734011,75459.78826166662,-0.08526406539502984
2024-11-08 00:00:45.061,75987.24178320667,76224.18238046083,75496.23816617076,0.16470397556360705
2024-11-08 01:15:58.991,76177.71842078357,76194.89238327053,75527.64443934723,0.25066923487016
2024-11-08 02:01:18.849,76049.3923531652,76167.81080929027,75527.94885142526,-0.1684561710151744
2024-11-08 03:09:24.853,75684.3928133205,76025.09035842826,75511.17458645087,-0.479950632806736
2024-11-08 04:08:32.880,75991.86045731162,75954.27592021845,75510.8316696453,0.40624973334923986
2024-11-08 05:02:44.350,75895.23554225442,75949.73356282651,75517.65129481387,-0.12715166397522237
2024-11-08 06:02:43.620,76048.00699233459,75976.26405176808,75531.23844119205,0.2012925435814994
2024-11-08 07:14:19.984,75802.71409730053,75949.9029537815,75544.3938623628,-0.3225500637495715
2024-11-08 08:00:29.800,76312.77125341416,75969.19621558585,75577.50185421476,0.6728745298735905
2024-11-08 09:08:32.180,75877.68132612406,75944.6660688657,75602.5247176884,-0.5701403842946373
2024-11-08 10:00:12.751,76068.7705738224,75999.57717750884,75644.2141073619,0.25183854377024417
2024-11-08 11:18:27.493,76215.67333064349,76031.55044512766,75691.53512254203,0.1931183529231939
2024-11-08 12:02:53.501,76062.99675251798,76055.51633230818,75741.36094492135,-0.20032175988679013
2024-11-08 13:16:54.317,75922.24710082736,76037.55063352142,75775.28179724811,-0.1850435266816719
2024-11-08 14:17:21.521,76137.9107113075,76085.43586409384,75819.52816933305,0.2840585187023459
2024-11-08 15:09:31.937,75845.32141756723,76018.65731611571,75843.99541032448,-0.384288577144809
2024-11-08 16:19:40.114,76431.51541992869,76097.77647237352,75893.3273329909,0.7728808994481806
2024-11-08 17:14:44.107,75903.20535130744,76074.12429772853,75924.19157118286,-0.6912201932915085
2024-11-08 18:07:07.618,76488.1455999797,76113.04890763371,75976.88704815907,0.7706397193174563
2024-11-08 19:11:47.525,76947.60997539028,76239.42222518688,76040.48462318162,0.6007001108557342
2024-11-08 20:18:15.637,76800.5042768729,76364.88753605053,76106.91154916787,-0.19117643623294267
2024-11-08 21:09:58.518,76691.14467570404,76443.92095953575,76165.29625544156,-0.14239437904549623
2024-11-08 22:17:54.363,76555.78166108445,76545.41528003821,76182.96194525163,-0.1765040999087808
2024-11-08 23:11:26.501,76483.09901550294,76552.78436512024,76198.7658593897,-0.09494076607208246
2024-11-09 00:21:53.106,76610.79466152353,76653.86855229398,76206.36740140329,0.16695929906644924
2024-11-09 01:05:36.731,76471.11308356107,76651.43533566275,76214.10572515443,-0.18232623559067962
2024-11-09 02:16:27.972,76319.47509440941,76561.7017812369,76201.9736959896,-0.19829447099319886
2024-11-09 03:04:47.155,76474.1323278354,76515.07721708869,76201.52605609145,0.20264451928511118
2024-11-09 04:10:55.085,76433.61927559657,76478.2878742162,76218.41229714472,-0.052976151550365724
2024-11-09 05:03:54.796,76420.48122670643,76458.95924073363,76237.01855237682,-0.017188835246406686
2024-11-09 06:17:13.596,76777.72922022901,76501.0492699802,76263.36813361087,0.46747676511325054
2024-11-09 07:03:35.989,76566.73115141818,76494.75448282229,76276.33522463203,-0.2748167612584673
2024-11-09 08:12:40.667,76495.4047063187,76498.22471464482,76291.20230307049,-0.0931559229796819
2024-11-09 09:16:56.548,76635.29786603298,76543.34225344818,76322.89913816091,0.18287786077000323
2024-11-09 10:12:08.372,76616.81608172697,76563.72564686126,76343.73099230808,-0.024116542664609497
2024-11-09 11:01:32.063,76521.07883541676,76576.21986969272,76364.59243541349,-0.12495591856503951
2024-11-09 12:06:42.884,76521.89883115345,76590.70809889944,76380.38883004079,0.0010715945843564612
2024-11-09 13:18:19.427,76380.62633315528,76533.97911503176,76399.65257123596,-0.18461708367939478
2024-11-09 14:11:40.247,76342.32250953802,76501.92073762031,76400.63761310674,-0.05014861157355277
2024-11-09 15:12:31.513,76323.56090614834,76477.37162331026,76415.50026577423,-0.024575625646350296
2024-11-09 16:07:48.604,76344.9218899493,76435.88934101259,76424.70530964511,0.02798740460658866
2024-11-09 17:02:55.028,76116.07556240378,76364.35498110928,76421.38538403713,-0.29975317530011036
2024-11-09 18:01:54.012,76279.79717970791,76329.88617315087,76428.61206494346,0.21509466442459768
2024-11-09 19:05:40.756,76401.50678174486,76312.68730894964,76444.5873876407,0.1595567981784507
2024-11-09 20:06:55.716,76235.56266624854,76291.96392796296,76447.8424528054,-0.21720005597580805
2024-11-09 21:17:22.593,76273.26706300199,76282.0988641721,76462.10730765323,0.04945775361888671
2024-11-09 22:14:15.870,76420.32089609065,76295.92171987814,76461.73415685863,0.19279865508736727
2024-11-09 23:16:50.426,76645.30149345586,76338.83309180765,76486.47069493025,0.29439891736533497
2024-11-10 00:15:24.310,76646.70058729459,76414.63666679207,76491.75586117408,0.0018254137063467013
2024-11-10 01:11:14.007,76970.62476975705,76513.32632251337,76492.5230209863,0.42261986488711933
2024-11-10 02:14:10.362,76920.38369977393,76587.45159651751,76496.51900174966,-0.0652730442729399
2024-11-10 03:01:20.684,77390.74244917778,76752.47727979312,76519.83892753212,0.6114877835759369
2024-11-10 04:11:59.585,77338.91070727397,76904.7120861177,76545.94322907178,-0.06697408535374372
2024-11-10 05:11:29.313,79255.85403317449,77309.78824855822,76638.3683963275,2.478627263262223
2024-11-10 06:06:32.677,78952.16147811974,77639.33967493879,76716.41395688071,-0.3831799666528468
2024-11-10 07:17:14.206,79061.906989299,77984.36916093943,76802.77375373864,0.13900254169691983
2024-11-10 08:15:31.034,78987.4485440283,78272.48684297816,76891.70620205926,-0.09417739605087627
2024-11-10 09:05:40.902,79193.46244050356,78597.21237736812,76982.35053914819,0.26081852278139195
2024-11-10 10:08:40.179,79341.49473899079,78875.89127591284,77079.27972126134,0.18692489749194685
2024-11-10 11:18:29.714,79844.24936422959,79233.79679833505,77193.40532584544,0.6336591299328287
2024-11-10 12:14:49.310,79668.02293949606,79292.67807066672,77289.74844982103,-0.22071273277255443
2024-11-10 13:08:32.874,79737.13753283337,79404.8175070544,77395.42866253485,0.08675324275311258
2024-11-10 14:14:32.496,79687.47138685943,79494.18384956302,77501.83088521955,-0.062287345032285835
2024-11-10 15:09:56.125,79525.63342469053,79571.06740394332,77598.17540384147,-0.20309084897828233
2024-11-10 16:02:50.940,79753.65091497928,79651.09432886844,77702.73656494987,0.28672200455301944
2024-11-10 17:18:44.704,79737.65841837798,79707.68914020946,77809.95588438192,-0.020052369286960303
2024-11-10 18:07:50.260,80672.70034022776,79826.03927963777,77948.31593468439,1.172647830895257
2024-11-10 19:02:09.113,80804.32968627992,79988.36881489262,78095.77271312189,0.16316467094448228
2024-11-10 20:19:12.878,79499.77987503516,79954.4605780643,78201.02129197177,-1.6144553346455814
2024-11-10 21:16:23.636,78649.59273844388,79806.19219971923,78278.55568638163,-1.0694207429601477
2024-11-10 22:04:03.680,79931.957300912,79864.23846775085,78398.12353341373,1.63047832521237
2024-11-10 23:02:25.260,80600.03416750283,79985.15036096852,78547.58882025034,0.835806965261443
2024-11-11 00:21:15.769,80525.26287473195,80097.66528330478,78689.10434341783,-0.09276831398792318
2024-11-11 01:13:35.252,80435.76087399015,80063.81678812798,78823.579479826,-0.11114772873332956
2024-11-11 02:16:23.203,81464.08366869198,80158.067357044,78997.8635132408,1.2784398177233536
2024-11-11 03:04:00.770,81475.90641772648,80440.37114885704,79171.28482506494,0.014512836212077218
2024-11-11 04:08:16.760,81674.57955797578,80872.51212307588,79346.42678046112,0.2438428106963375
2024-11-11 05:15:29.244,81535.74228417478,81101.624263542,79509.44147348506,-0.16998835445789506
2024-11-11 06:14:10.664,80938.07137423645,81149.91529307536,79652.48716638313,-0.7330170710352801
2024-11-11 07:04:43.353,80948.7190232381,81210.40902857625,79785.09030816583,0.013155303580703048
2024-11-11 08:02:24.996,81191.11578605659,81318.31687315716,79927.44804437525,0.29944484081201317
2024-11-11 09:16:18.903,81539.06022739943,81329.02781011537,80065.7253036493,0.4285498948674249
2024-11-11 10:17:51.607,82174.01489942106,81428.7575932146,80226.89544338755,0.778712276362814
2024-11-11 11:09:13.654,81980.49339863413,81472.45957045151,80317.71675556953,-0.2355020635462335
2024-11-11 12:01:43.023,82245.15914350266,81573.80483606977,80427.48334441562,0.32283990239188043
2024-11-11 13:18:12.966,81780.07940078432,81694.09169700519,80518.08909146514,-0.5654797772436271
2024-11-11 14:14:41.598,82180.48935135211,81870.05888673577,80624.5237850426,0.48961795280910714
2024-11-11 15:20:27.896,82964.7712537831,82123.43823926811,80750.2340788186,0.9543407548693095
2024-11-11 16:06:04.323,84088.70443006037,82487.67312536253,80908.47440185423,1.354711354340088
2024-11-11 17:14:40.670,84678.22798556116,82845.41785195399,81069.6070225653,0.7010734194283108
2024-11-11 18:04:32.877,84688.84419519649,83232.32510860574,81236.96773108863,0.012537118321787055
2024-11-11 19:06:53.747,85653.29541086064,83719.2017182283,81434.17299368956,1.1388173080284503
2024-11-11 20:07:26.729,86497.72438677796,84393.15100194167,81661.18142702016,0.9858686368887204
2024-11-11 21:11:45.086,87116.03613648882,85098.22911410408,81914.19485074678,0.7148300768538896
2024-11-11 22:16:14.453,87446.57204066028,85738.48636937224,82170.62555493615,0.37942027533666156
2024-11-11 23:00:43.379,88117.0604501521,86313.96580081391,82449.93895599527,0.7667406438528701
2024-11-12 00:13:59.362,88102.09667019248,86803.0898986184,82697.58550032743,-0.01698170579361724
2024-11-12 01:06:32.184,89050.57290212612,87426.19399960835,82972.46027418898,1.0765648807249617
2024-11-12 02:19:54.024,88677.16665584246,87858.17560603433,83278.37316688256,-0.4193193082475344
2024-11-12 03:17:34.363,87908.1096042888,88059.65920853589,83586.99039574405,-0.8672548758108078
2024-11-12 04:06:42.259,88190.75886630068,88213.19102708041,83862.283781257,0.3215280857297609
2024-11-12 05:16:54.937,88526.90126096137,88367.52377283771,84126.5126843723,0.3811537614392124
2024-11-12 06:20:42.924,88464.32598431838,88417.13313486148,84391.1481213585,-0.07068504121536812
2024-11-12 07:11:14.002,89256.30393079246,88582.01988637574,84685.16622325192,0.8952512073787444
2024-11-12 08:07:44.829,88995.19935423242,88574.1093795338,84936.20341276992,-0.2925334850998329
2024-11-12 09:18:51.177,88406.23216897136,88535.40445283792,85167.21427114475,-0.6617965795174707
2024-11-12 10:12:42.137,87802.20943312166,88520.27585695691,85371.46860031628,-0.6832354699782051
2024-11-12 11:00:56.834,86330.07868480618,88254.4644024577,85531.27981367068,-1.6766443097730899
2024-11-12 12:13:16.662,87787.40056685073,88148.82144615616,85759.59078675782,1.6880812623434327
2024-11-12 13:02:52.272,86449.81632364336,87861.03435177403,85942.96069677132,-1.5236631163133563
2024-11-12 14:16:19.852,85969.85782947157,87391.54205158532,86102.2520982185,-0.5551874076573649
2024-11-12 15:21:21.195,87431.82489678862,87168.20284337907,86298.67758719812,1.7005577352669166
2024-11-12 16:06:44.279,86430.70558350296,86885.98475974074,86440.56727666753,-1.14502850016851
2024-11-12 17:16:41.301,87524.52715434639,86846.31586277283,86625.36840185794,1.2655474272238454
2024-11-12 18:14:15.126,87322.57329389565,86988.10080692847,86794.61554020437,-0.2307397332116934
2024-11-12 19:02:51.483,89022.70173469624,87164.57240233498,87036.03628466811,1.9469518323498969
2024-11-12 20:03:17.247,88751.24336874047,87493.3476944917,87255.06141858104,-0.30493161931297585
2024-11-12 21:01:50.418,89645.31830214529,88018.41347630224,87477.74632019311,1.0073942622867316
2024-11-12 22:06:23.329,88232.35646222225,88132.77512850704,87615.86805459853,-1.5761691370883568
2024-11-12 23:06:18.342,88114.68779727131,88373.34401618822,87730.41671498885,-0.13336226036455567
2024-11-13 00:19:26.707,87803.10732369016,88413.14118323733,87834.22548593864,-0.35360787329579146
2024-11-13 01:05:49.084,88175.33221372607,88534.96388607027,87918.29337936749,0.4239313406798839
2024-11-13 02:09:46.670,88229.76457744453,88421.68714932,87976.02805238971,0.061731963296174364
2024-11-13 03:11:03.083,87896.7454896383,88299.61602373398,88002.0516974947,-0.3774452866344369
2024-11-13 04:01:37.638,87596.9364370135,88006.99004300087,88007.0638440398,-0.34109232481212004
2024-11-13 05:02:15.838,87312.7750883111,87875.62127529927,87980.25433197843,-0.32439644610942064
2024-11-13 06:01:31.260,86634.51511870355,87664.1680355039,87931.3349469288,-0.7768164153774015
2024-11-13 07:05:06.369,86572.94191014301,87488.43011928287,87848.74724719602,-0.0710723762650245
2024-11-13 08:04:06.552,87457.72745322503,87385.915153497,87808.09927377546,1.022011639618725
2024-11-13 09:00:28.547,87366.61234266152,87262.60769138516,87790.04936505454,-0.10418188674321538
2024-11-13 10:01:34.911,87521.3457374732,87208.97915536155,87767.73559409361,0.17710815454854423
2024-11-13 11:06:08.820,87700.82586589131,87223.8205023441,87740.19974759128,0.20507011964427946
2024-11-13 12:04:00.191,87768.81021029539,87288.9683769133,87717.01588845719,0.0775184768590842
2024-11-13 13:00:40.872,87812.05472708656,87457.188320968,87668.87424833367,0.04927093883073663
2024-11-13 14:03:07.634,89236.86447953302,87837.7486880237,87676.92975251035,1.6225673762841009
2024-11-13 15:01:17.584,91723.46724567591,88447.14008694528,87787.50425506715,2.7865196526635216
2024-11-13 16:00:41.337,92453.52920104629,89173.84249528594,87942.54824733132,0.795938026868237
2024-11-13 17:03:20.349,92468.72696584147,89880.61124219571,88147.16985669915,0.016438274370389472
2024-11-13 18:03:36.167,92276.97182514616,90534.34637923211,88296.82223197566,-0.20737296487941537
2024-11-13 19:08:50.419,92356.13825157315,91189.6789565575,88493.69962957334,0.08579218071547157
2024-11-13 20:04:38.208,90313.40464323206,91547.014658864,88638.48452336535,-2.211800587392243
2024-11-13 21:07:42.676,89117.70324027816,91529.99162468476,88694.68046814833,-1.3239467692280238
2024-11-13 22:02:15.414,88565.16346459523,91078.80537024465,88765.82906418474,-0.6200112386123613
2024-11-13 23:02:18.721,89777.1153889937,90696.46053995143,88840.91533867297,1.368429613843558
2024-11-14 00:02:57.725,90540.04771922182,90420.93493329149,88948.16448618386,0.8498071328338241
2024-11-14 01:00:51.616,90266.6711130426,90133.74911727666,88989.63013212873,-0.3019399846430515
2024-11-14 02:01:28.761,90469.17946402491,89864.18357619837,89046.89466863823,0.2243445432132063
2024-11-14 03:08:05.514,90026.19960938007,89823.15428564807,89059.59071221271,-0.48964725586020386
2024-11-14 04:06:05.216,89782.15725803222,89918.07628818437,89111.2507387397,-0.27107925515764686
2024-11-14 05:08:41.034,90169.11432438648,90147.2121252974,89179.73162297689,0.430995509767218
2024-11-14 06:08:08.200,90187.11920223582,90205.78409861772,89259.19868559507,0.01996789919058717
2024-11-14 07:01:02.811,89628.9012025683,90075.62031052435,89307.65098522315,-0.6189553503929579
2024-11-14 08:07:28.616,91042.02007183616,90186.38444749486,89401.3928350362,1.576633039463582
2024-11-14 09:04:55.642,90635.78113853357,90210.18468671037,89492.6940233327,-0.4462103685551444
2024-11-14 10:04:14.369,90990.31071703328,90347.91484494654,89605.80649933337,0.3911585182432953
2024-11-14 11:03:45.710,91139.10355561016,90541.7643160291,89733.35078157668,0.1635260253584514
2024-11-14 12:03:34.497,91557.67720429678,90740.13044173058,89897.45618442979,0.45926899909787267
2024-11-14 13:09:22.811,91292.9912638905,90898.11216482411,90054.79116288802,-0.2890920220875448
2024-11-14 14:08:45.841,90759.06655222208,91059.56435763177,90164.83579952126,-0.5848474283475458
2024-11-14 15:09:32.016,88990.30638277915,90766.46240205222,90218.95893419185,-1.948852314854077
2024-11-14 16:02:07.628,87991.2937427918,90388.67848837482,90234.62386770247,-1.1226083835358946
2024-11-14 17:02:25.736,89193.49380097532,90131.99035750939,90284.3794655386,1.3662716014810394
2024-11-14 18:03:03.563,89297.68693862943,89868.93084079787,90335.34202314974,0.11681697085057507
2024-11-14 19:05:22.171,89134.79380057864,89522.8046402667,90379.43332559947,-0.18241585379780156
2024-11-14 20:02:58.500,89479.80214441355,89263.77762319856,90387.53124776216,0.3870636023535212
2024-11-14 21:06:17.407,87622.66631148137,88815.7204459499,90250.83788328902,-2.075480486573833
2024-11-14 22:08:24.695,88297.20896124393,88716.70652858773,90112.2938752956,0.7698266649004859
2024-11-14 23:07:00.588,87388.49514750767,88630.59244354712,89942.95281468447,-1.0291534969526839
2024-11-15 00:00:52.508,87407.51273710128,88375.45229156513,89780.63751174965,0.021762120473090008
2024-11-15 01:07:04.592,87997.41665115659,88189.69939335472,89635.34679173576,0.6748892578943178
2024-11-15 02:00:54.950,87929.00318305146,88017.44359085083,89555.86674306307,-0.07774485968869982
2024-11-15 03:06:47.489,88363.55931155673,87857.98032901414,89530.72861210568,0.49421250415020435
2024-11-15 04:03:33.839,88247.05049333208,87947.17806927853,89520.12484639692,-0.13185165823148548
2024-11-15 05:03:01.940,87482.26849866251,87830.75800319547,89443.62995005255,-0.8666374574494706
2024-11-15 06:05:01.360,87741.20444787205,87881.14504610468,89350.33517434089,0.29598677955349206
2024-11-15 07:01:41.971,88210.65302512255,87995.87937296485,89281.80123807689,0.5350377627074909
2024-11-15 08:03:44.432,87675.15710173226,87949.84229447566,89188.6671593338,-0.6070649122592697
2024-11-15 09:07:46.360,88161.86754106556,87983.10863133484,89126.52275705665,0.5551292468955138
2024-11-15 10:09:25.350,89093.33412945486,88087.36217674884,89103.56198610406,1.0565413532731993
2024-11-15 11:10:21.505,89465.34096143932,88261.40367219273,89080.10287400582,0.41754732339898126
2024-11-15 12:09:02.668,89838.92611345435,88598.06904573443,89068.4964377131,0.41757528446244585
2024-11-15 13:03:21.398,89713.2974868307,88879.79662272854,89071.30964718852,-0.13983763170208885
2024-11-15 14:03:58.683,90162.77349580127,89158.67097568263,89042.00142798736,0.5010138090582927
2024-11-15 15:07:24.419,88887.30179103244,89331.83450272551,88983.71878307065,-1.4146322870471906
2024-11-15 16:11:07.162,88823.31438192686,89426.32690856283,88911.48557190043,-0.07198712056308842
2024-11-15 17:06:32.454,89483.7706056713,89482.10354802232,88856.30780690249,0.7435617870602984
2024-11-15 18:06:25.717,89409.77028722732,89474.16488027775,88784.71090966681,-0.08269691581290761
2024-11-15 19:09:26.523,89300.57896422037,89397.25814467289,88718.29716634449,-0.12212459852672941
2024-11-15 20:08:30.338,90652.17978589096,89531.38418739579,88714.73427413344,1.513540939316993
2024-11-15 21:06:32.926,91248.48351283067,89686.4856184,88790.00684513518,0.6577930374626506
2024-11-15 22:10:13.636,91665.90886209448,90083.42948569458,88912.4940157786,0.4574600400949258
2024-11-15 23:01:03.849,91238.90450238356,90428.51378861697,88980.6743724922,-0.465826788837409
2024-11-16 00:12:05.986,91291.13184524832,90686.70825141367,89047.12253604617,0.057242404596591356
2024-11-16 01:09:45.858,91202.15391359795,90942.7630551809,89116.03453981347,-0.09746612825569656
2024-11-16 02:07:02.288,91237.18197916615,91219.4206287446,89174.61386763857,0.03840705955409085
2024-11-16 03:04:43.726,91453.604121957,91333.90981961116,89302.31179465442,0.2372082719962476
2024-11-16 04:11:24.917,91215.06529483233,91329.13578846854,89399.57367244069,-0.2608304280786733
2024-11-16 05:04:59.829,91311.75041972323,91278.54172527266,89530.34884818122,0.10599688174139921
2024-11-16 06:09:12.770,91342.4637997932,91293.33591061688,89661.51388360428,0.03363573683430321
2024-11-16 07:01:59.804,91222.74745117137,91283.56671146303,89769.02491027143,-0.13106319190626659
2024-11-16 08:02:24.558,91150.97623851737,91276.25561502295,89876.4240121203,-0.07867688121585559
2024-11-16 09:05:49.770,91413.27815893773,91301.41221213317,89978.081307033,0.2877664411777614
2024-11-16 10:11:48.241,91378.22771205618,91290.64415357591,90082.45388099046,-0.03834283988876086
2024-11-16 11:11:26.626,91346.95272212592,91309.48521461785,90211.27668843926,-0.03422586617548573
2024-11-16 12:09:46.606,91219.3763453195,91296.28891827445,90327.2157516875,-0.1396613384515466
2024-11-16 13:02:19.995,90906.8269195682,91234.05507824232,90417.08821483568,-0.34263490748732695
2024-11-16 14:02:47.987,90726.36234922896,91163.14292082198,90518.79505641891,-0.1985159711920259
2024-11-16 15:00:44.638,91034.8581513298,91146.55462265233,90614.5614100944,0.340028845103868
2024-11-16 16:06:53.773,90408.33984069523,91002.99200576053,90658.39493380241,-0.688218033572463
2024-11-16 17:03:38.160,90655.7524809398,90899.7812584582,90698.07531778576,0.2736613023538892
2024-11-16 18:02:40.509,90870.96561247804,90831.78309993706,90732.47663441989,0.2373960015206844
2024-11-16 19:06:46.921,91150.58676438485,90821.9560169464,90780.38627700502,0.30771231495354545
2024-11-16 20:05:02.990,91149.74066429886,90856.65798047937,90813.28518262159,-0.000928244256037658
2024-11-16 21:08:37.637,90874.95664093897,90877.88573643795,90879.54034428515,-0.30146440500792293
2024-11-16 22:04:04.189,91070.95704128424,90883.04272071715,90954.46176626373,0.21568142378289856
2024-11-16 23:01:38.870,90514.94439644078,90898.27194296652,90988.83422595604,-0.610526849510773
2024-11-17 00:03:49.921,90596.73623829268,90889.84105115978,91028.39975765822,0.09036280406211628
2024-11-17 01:02:40.417,90846.62542143105,90886.36388101021,91079.93463956525,0.27582581173906107
2024-11-17 02:08:59.330,89938.59171239202,90713.22173072552,91056.14837044863,-0.9995238731507317
2024-11-17 03:04:30.758,90087.83651164154,90561.52113748876,91017.46013707564,0.16594077848892663
2024-11-17 04:09:25.874,90333.92767367949,90484.23128502311,90973.06076412849,0.2731680230839473
2024-11-17 05:03:16.915,90539.18066905202,90408.26323184709,90949.73663635078,0.22721584310381182
2024-11-17 06:04:27.592,90476.26743370442,90402.73795145619,90922.5744892993,-0.06948730359905841
2024-11-17 07:09:55.584,90483.46776678428,90386.55674124068,90898.6182844055,0.00795825610857559
2024-11-17 08:07:09.800,90486.4857338097,90335.10821443763,90873.59507622695,0.0033353794896662237
2024-11-17 09:11:42.341,91439.33865680736,90549.5006350684,90873.11956072197,1.0530334063373115
2024-11-17 10:01:12.874,91317.45124887432,90725.15988324452,90876.53242585671,-0.13329865430294907
2024-11-17 11:02:57.351,91061.23145528008,90829.06042347317,90868.1817937086,-0.28058141142808246
2024-11-17 12:12:09.115,90822.86009903326,90869.58605632764,90850.86167034994,-0.26177040705174237
2024-11-17 13:13:56.004,90825.48811603468,90919.47472523195,90837.61969251205,0.0028935633590077003
2024-11-17 14:10:34.288,90660.84137615388,90944.81381228476,90821.28186376659,-0.18127812280013256
2024-11-17 15:11:40.066,90256.05816048072,90911.89558752348,90782.70786381802,-0.446480762288215
2024-11-17 16:06:33.817,90131.10088314644,90725.00447700048,90741.13696952103,-0.13844752350262723
2024-11-17 17:07:46.005,90399.52801747112,90593.87258680002,90709.55614603254,0.297818546200479
2024-11-17 18:12:23.934,90323.77402313882,90488.52152506556,90679.70273529319,-0.08379910381575151
2024-11-17 19:12:52.752,89842.94527858608,90348.5336935731,90644.24001392713,-0.5323390765642255
2024-11-17 20:08:14.080,90110.88013785049,90246.4468395468,90623.7239402145,0.2982258188815923
2024-11-17 21:02:28.267,89603.02798042569,90095.33064015706,90575.99626785102,-0.5635858363028934
2024-11-17 22:12:00.543,89066.66384773863,89925.41716690817,90531.27373475248,-0.5986004544447199
2024-11-17 23:11:49.126,89574.7472750456,89845.93808003663,90495.24022788934,0.5704529678753456
2024-11-18 00:07:35.977,89794.98179297929,89759.57433368065,90459.3741005727,0.24586674775362027
2024-11-18 01:01:06.793,89903.46721380035,89699.53050377515,90417.80344888657,0.1208145696506513
2024-11-18 02:03:56.913,90801.31767011418,89836.44084542202,90406.1893490804,0.9986827918200714
2024-11-18 03:11:55.704,90340.71621959737,89869.27457138586,90388.38133503568,-0.5072629586612365
2024-11-18 04:02:59.532,90645.87831934931,90018.25319123211,90374.21204430451,0.3377902152227552
2024-11-18 05:00:09.460,90514.67560527525,90225.11201373734,90374.20308459901,-0.14474206274645018
2024-11-18 06:05:10.926,90644.9533174999,90377.99859123082,90375.8103205726,0.14392993329919168
2024-11-18 07:08:54.551,92029.44836210484,90697.20810110589,90415.23775192836,1.5273823791993157
2024-11-18 08:12:45.893,91746.11220111937,90960.44309929431,90475.48843488595,-0.30787553987137173
2024-11-18 09:03:53.519,91782.96182269306,91100.67797823416,90531.992611921,0.04016477722010858
2024-11-18 10:10:04.304,91919.59014795092,91326.23139657038,90584.84802773006,0.14886022693600953
2024-11-18 11:01:24.209,91767.9041915474,91486.5208068844,90625.80547847989,-0.1650202706075743
2024-11-18 12:04:11.091,90285.011509212,91453.71165030393,90619.4302809968,-1.615916474718826
2024-11-18 13:09:47.860,90298.13249286894,91404.16581821379,90613.25243853296,0.014532848185555558
2024-11-18 14:04:10.779,89442.94912718928,91034.66592751155,90578.46788497895,-0.9470665030057002
2024-11-18 15:08:49.910,90478.47813448592,90853.57534656394,90546.43920090157,1.1577536490037899
2024-11-18 16:07:11.323,92154.97215688135,90906.71968001939,90574.3565645018,1.8529202269555345
2024-11-18 17:08:20.015,91485.34763938111,90844.685035938,90588.49377063851,-0.726628744849811
2024-11-18 18:13:15.730,91476.322349369,90803.03048705538,90610.2758456497,-0.009865284709509314
2024-11-18 19:06:40.760,90445.4338930811,90825.94797046525,90597.60737155125,-1.1269456727290517
2024-11-18 20:09:34.242,90755.97763639849,90891.35441954089,90600.77858022606,0.34334927696237916
2024-11-18 21:06:35.278,91836.7002239105,91233.31886192966,90653.46664900705,1.1908004471526734
2024-11-18 22:12:24.966,91350.09760408568,91357.83592901532,90694.09987303837,-0.5298563849075899
2024-11-18 23:05:46.916,91145.9013221998,91213.68295263223,90718.978983196,-0.22353154210176251
2024-11-19 00:06:27.285,90456.69278677984,91066.73225940348,90723.40960865069,-0.756159657671962
2024-11-19 01:02:19.798,91112.08298031152,91014.69806382386,90765.7141987082,0.7245347727630636
2024-11-19 02:00:57.998,90739.2765548068,91056.67558692752,90786.6607459401,-0.40917341949616715
2024-11-19 03:11:21.921,91292.9941216552,91133.39222767847,90842.99295064773,0.6102292059976477
2024-11-19 04:07:31.834,91438.42950386905,91076.4964105297,90922.05180585207,0.15930618073500824
2024-11-19 05:09:34.306,91664.6919786892,91121.43846404448,90991.71662930686,0.24744790133406358
2024-11-19 06:04:05.439,91947.315231526,91235.9261653768,91063.46107725843,0.3083229177298863
2024-11-19 07:03:12.731,92041.9127881023,91462.38616556572,91134.74259640182,0.10288234772066751
2024-11-19 08:01:40.663,91799.88900321104,91560.64416883708,91168.02830750505,-0.2629495384873781
2024-11-19 09:05:41.020,91816.20314892508,91714.4908251397,91217.2112051493,0.017771422047663243
2024-11-19 10:07:48.203,91765.54990542318,91781.99879424939,91254.53359135178,-0.05516808772819681
2024-11-19 11:00:21.115,91844.090941937,91839.95042825911,91298.84743590716,0.08558880385369783
2024-11-19 12:04:38.074,91725.19258632552,91848.59337220716,91334.85541153468,-0.12945672867147318
2024-11-19 13:05:15.952,92496.84406606284,91927.09749142671,91350.43526833328,0.8412644966769633
2024-11-19 14:02:38.294,91310.01339915524,91822.54043586284,91335.89864160115,-1.2831039576441605
2024-11-19 15:06:24.498,92070.43030671294,91861.18919350595,91345.48092440181,0.8327858897945628
2024-11-19 16:12:25.197,92381.59389111109,91941.95929953254,91360.88104917381,0.33796256122793356
2024-11-19 17:04:45.316,92586.920332828,92059.29793201896,91388.1815872165,0.22225903783272827
2024-11-19 18:14:44.572,93255.71143731456,92260.95800278717,91487.20491815326,0.7223386436036705
2024-11-19 19:05:46.341,93799.17681078352,92557.24146342404,91603.90639541709,0.5827689962284666
2024-11-19 20:10:38.706,93448.53147944646,92693.19680819311,91737.42580715897,-0.3738255955533565
2024-11-19 21:01:34.928,92402.47461982082,92849.26269685963,91801.55902333681,-1.1193935774750252
2024-11-19 22:04:58.987,92352.9515491435,92889.62287434972,91808.15833641222,-0.05359496147810949
2024-11-19 23:01:57.186,91757.21183148149,92800.42543725976,91817.22047614888,-0.6450684116414029
2024-11-20 00:09:45.870,92351.03033414358,92766.72686601912,91846.37740897472,0.6471627579014427
2024-11-20 01:07:32.598,92228.64839499166,92620.00357425872,91905.81789237174,-0.13251821740279945
2024-11-20 02:09:33.517,91964.16429406262,92357.85892901287,91946.09078096054,-0.28677000642611805
2024-11-20 03:05:36.253,91873.07999100644,92132.79443066429,91947.30343986374,-0.09904325641989509
2024-11-20 04:09:04.791,92059.512957755,92083.79990751203,91970.95061831939,0.2029244766440952
2024-11-20 05:02:30.039,92203.16722966742,92062.40214758688,92006.19281523496,0.156045005341654
2024-11-20 06:13:59.843,92682.26613335092,92194.55276213966,92080.37859345399,0.5196121978002344
2024-11-20 07:07:18.610,92393.58992607422,92200.63270384404,92123.09549164609,-0.31146865449033223
2024-11-20 08:07:57.521,92867.73069351292,92291.93017506137,92194.0439629363,0.5131749592347967
2024-11-20 09:06:01.355,93270.15648899492,92478.50048862312,92259.94937518096,0.433332216128024
2024-11-20 10:12:22.058,93231.830167103,92672.60765663693,92319.72939728874,-0.04109173109024811
2024-11-20 11:11:39.299,93265.39728396996,92844.8768460962,92373.0862407981,0.036003923560001816
2024-11-20 12:04:18.210,93681.3448870722,93056.04508286831,92430.88722931631,0.44598277090461824
2024-11-20 13:28:30.078,94244.91495525278,93279.28062885429,92504.32063488799,0.6015819572828818
2024-11-20 14:05:29.684,94500.59284364933,93580.28104565073,92594.34409623593,0.2712909110458961
2024-11-20 15:09:53.197,94677.29717634009,93838.79054319747,92689.71389714978,0.1869875387799036
2024-11-20 16:11:29.228,94521.87295332564,94017.60718095899,92781.59133207984,-0.1641620828327639
2024-11-20 17:01:15.964,94213.19992128732,94157.80286012818,92860.56163139154,-0.32656254303249366
2024-11-20 18:08:11.581,94099.99665720656,94277.03134201912,92939.72176708757,-0.12015647932066553
2024-11-20 19:07:36.374,93906.18229973842,94309.15097240002,92986.69970821009,-0.20596638082165386
2024-11-20 20:06:41.771,94136.7839854972,94293.70369100638,93080.92539442147,0.2455660320879849
2024-11-20 21:08:35.011,94332.46496760553,94269.6854230001,93156.32654978457,0.20786877756358013
2024-11-20 22:13:26.277,94417.05325716126,94232.50772026027,93224.17519531958,0.08967039034204483
2024-11-20 23:06:30.271,94201.36172465736,94186.72040187908,93277.98990838056,-0.22844552447154332
2024-11-21 00:00:52.875,94217.02229634204,94187.26645545835,93310.03360368147,0.016624570386203352
2024-11-21 01:11:31.902,94937.2994727348,94306.88114339094,93347.97102574652,0.7644873068979541
2024-11-21 02:06:56.838,94600.63819542028,94406.08912848835,93386.37458294565,-0.3546143393421519
2024-11-21 03:08:54.699,94704.06449423352,94487.12920116496,93463.09424542607,0.10932938803180914
2024-11-21 04:02:57.598,95898.30691266005,94710.82090760134,93581.27275754328,1.2610255164911655
2024-11-21 05:11:38.323,97516.95025396596,95153.66333571628,93773.26403829276,1.687874784671739
2024-11-21 06:01:20.522,97417.95197134383,95613.17622810007,93942.16142619943,-0.10151905116423388
2024-11-21 07:04:16.501,97038.04937283573,96016.1800961706,94102.47479212757,-0.38997185921119115
2024-11-21 08:12:47.592,97025.2665500636,96314.46110721758,94271.17820066094,-0.013173000544353108
2024-11-21 09:07:23.132,97254.18628559288,96693.53940581366,94450.54841048048,0.23593827017331925
2024-11-21 10:06:13.033,97689.20968605208,97119.9887189306,94638.20496809039,0.4473055783755564
2024-11-21 11:11:57.475,98310.5703851254,97464.59778642563,94841.78507327233,0.6360586814758706
2024-11-21 12:12:17.870,98073.78757614846,97544.14597530886,95021.50245469892,-0.2408518311401764
2024-11-21 13:14:20.285,97477.75806491218,97552.68970296148,95190.97472599351,-0.6077357935967309
2024-11-21 14:10:52.914,97341.3554600908,97596.01914399791,95340.09555154611,-0.1399320291409989
2024-11-21 15:10:31.484,96834.4357611275,97568.75760272134,95458.90486061719,-0.520764988906619
2024-11-21 16:04:43.699,96787.87259875108,97502.14136174392,95577.4396083388,-0.0480853345304566
2024-11-21 17:04:21.149,97187.33504022117,97430.44498376807,95708.1708668805,0.4127195182046295
2024-11-21 18:07:53.516,98015.30989000657,97388.26491303682,95852.63636697832,0.8519369827794332
2024-11-21 19:09:24.264,98399.7881735672,97434.83642695379,95991.13214092213,0.39226349841885444
2024-11-21 20:07:38.771,98219.53058108511,97540.8039292642,96115.09673217,-0.18318900459839416
2024-11-21 21:13:20.908,98092.53289064157,97648.11499077144,96228.93792264671,-0.12929983445472137
2024-11-21 22:03:56.089,98052.31813948065,97822.09818767905,96346.61942885187,-0.04099675069636488
2024-11-21 23:04:28.459,98441.26161000448,98058.29661785811,96487.55481847578,0.39666932705308966
2024-11-22 00:14:50.890,98529.80211326091,98250.07762829236,96635.21500034425,0.08994247108209397
2024-11-22 01:13:36.359,98187.91803696626,98274.73593500089,96777.93952491852,-0.34698544903363215
2024-11-22 02:00:45.932,98151.64835062402,98239.28738886614,96911.76833708941,-0.036939052245299475
2024-11-22 03:14:09.751,98742.66590546833,98314.02100663517,97058.77503501816,0.6021473554198797
2024-11-22 04:01:45.050,98928.70808296707,98433.47460553884,97209.1635292117,0.188411134936195
2024-11-22 05:05:33.989,98867.36644965629,98549.91007842105,97364.69702004499,-0.06200589747855645
2024-11-22 06:10:41.947,98949.36085023008,98622.49568416757,97522.44163850792,0.08293373589105535
2024-11-22 07:02:51.949,99087.35895730591,98702.14666188827,97660.7769546603,0.1394633637752385
2024-11-22 08:02:31.669,99244.2443880368,98853.05042632692,97815.56382774751,0.15833041911883505
2024-11-22 09:01:42.554,98907.8290117248,98961.07623505562,97955.68931166388,-0.3389772156424886
2024-11-22 10:02:21.261,98797.0488237581,98968.84522338271,98052.31404203383,-0.11200345723245686
2024-11-22 11:12:03.436,98621.02826780382,98924.89096407368,98089.1166424951,-0.17816377923218774
2024-11-22 12:03:31.068,98957.45944900438,98937.76139255198,98140.4335584171,0.3411353411231888
2024-11-22 13:09:53.686,98685.78821463924,98900.10815889614,98195.35818647723,-0.27453335592668715
2024-11-22 14:04:40.116,97871.01435703252,98726.34464457139,98223.54978004284,-0.8256243095861038
2024-11-22 15:08:24.143,97393.85345172636,98462.00308224131,98228.2053522473,-0.48754057413309404
2024-11-22 16:12:43.543,98436.20344002808,98394.62800057036,98253.10514404651,1.0702420649352007
2024-11-22 17:01:36.239,99036.38730170106,98428.81921170508,98277.2990412657,0.6097186204856442
2024-11-22 18:11:39.881,99137.77149298869,98502.63967244576,98312.76517182704,0.10237064784963668
2024-11-22 19:17:25.191,99366.40761088874,98561.06083842924,98375.72015669291,0.23062462919718474
2024-11-22 20:00:50.360,99531.18012036204,98681.83111067537,98448.7143120353,0.16582315234594525
2024-11-22 21:00:48.528,99334.4299074806,98890.89047502508,98532.04745024706,-0.1976769617757057
2024-11-22 22:05:55.014,99418.67011453414,99180.14999828333,98619.74070077317,0.08480464138365118
2024-11-22 23:12:23.240,98853.46617956244,99239.75896107395,98675.27840541788,-0.5685088467996535
2024-11-23 00:08:32.775,98907.79325258997,99221.3883826295,98705.02785083732,0.05495717563290814
2024-11-23 01:04:58.281,98721.12064236584,99161.86683254053,98715.73893313062,-0.18873397543851533
2024-11-23 02:12:59.054,98545.74682604708,99044.62957756316,98726.61280796267,-0.17764569038279943
2024-11-23 03:04:57.382,98610.3477536692,98913.08209660703,98743.87330339692,0.06555425241856483
2024-11-23 04:13:37.390,98720.12576397,98825.3243618198,98766.13355754658,0.11132504123709808
2024-11-23 05:11:41.530,98479.71802325314,98691.18834877967,98767.4154379882,-0.24352454867374584
2024-11-23 06:14:44.620,98803.60701519938,98684.06561101353,98776.5422680528,0.32888903263286196
2024-11-23 07:05:44.829,98827.5462630559,98672.6017553658,98797.86320892247,0.024229123389041263
2024-11-23 08:03:36.512,98688.35022303324,98667.9202668897,98815.75327133611,-0.14084741075343077
2024-11-23 09:01:45.820,98562.42427541426,98670.30275965645,98809.74521700098,-0.12759960758730315
2024-11-23 10:11:21.098,98567.61071655308,98664.19746863986,98797.7086381205,0.005262087633250978
2024-11-23 11:13:31.209,98627.69963826088,98650.9937363957,98789.71974440732,0.06096213682260654
2024-11-23 12:09:26.896,98573.42641332174,98664.38064926265,98777.18859651037,-0.05502837959133755
2024-11-23 13:10:51.632,98816.16419710916,98666.17453239262,98768.14877117048,0.2462507316826068
2024-11-23 14:03:39.741,98638.74802471796,98639.20335548719,98747.96555905986,-0.17954165073368333
2024-11-23 15:08:02.270,98907.83827505098,98670.55879148972,98747.96586783741,0.2728037974139452
2024-11-23 16:01:09.601,98637.06301800392,98681.22146900253,98742.63300764559,-0.2737652159519155
2024-11-23 17:04:55.516,97887.14429180366,98584.01197975261,98718.17020844559,-0.7602808754183732
2024-11-23 18:00:21.361,97993.79314280888,98493.45390897375,98686.04799823907,0.10895082472452966
2024-11-23 19:07:47.548,97959.65085898797,98405.77168692606,98661.84341971736,-0.0348412718049973
2024-11-23 20:02:47.115,97627.80481379767,98236.00606073871,98653.73643494287,-0.33875788886588154
2024-11-23 21:01:48.059,97828.71753790964,98120.2874197661,98668.23190448231,0.2057945730677524
2024-11-23 22:05:57.889,98078.20284165346,98001.76807213789,98656.29855120316,0.2550225639492254
2024-11-23 23:00:39.484,97795.77021667769,97881.58338623414,98614.94464836904,-0.2879667620253601
2024-11-24 00:12:21.816,97903.58813942043,97883.93250732224,98573.80520325011,0.11024804294077484
2024-11-24 01:02:11.257,98040.73700095096,97890.63877277111,98529.61618291885,0.14008563336331825
2024-11-24 02:04:14.273,98292.35524999184,97938.16797148596,98488.32202057316,0.25664663153077694
2024-11-24 03:01:11.070,98497.71417618614,98062.44073754144,98460.43149619669,0.2089266511846155
2024-11-24 04:04:17.103,98293.9054879082,98128.89615896982,98422.93934197583,-0.20691717567514756
2024-11-24 05:05:36.582,98300.80802932262,98160.6969000654,98404.5174036345,0.007022349330987332
2024-11-24 06:10:46.669,98321.94620028997,98235.86489772431,98384.98916855783,0.0215035576930811
2024-11-24 07:02:26.079,98473.08914761616,98317.22218460942,98376.72145206618,0.15372249346885525
2024-11-24 08:08:14.166,98553.76752974807,98390.51226015187,98376.9888088562,0.08192937058262295
2024-11-24 09:01:43.748,98207.04580972278,98378.32519725627,98363.54541072466,-0.3518097062302883
2024-11-24 10:01:43.277,98047.89454351828,98314.0652497323,98341.13770337628,-0.16205687167584193
2024-11-24 11:06:24.644,97865.55396535277,98252.87217508153,98320.66556811292,-0.18597092677454796
2024-11-24 12:06:23.636,97446.22464625577,98130.7888346434,98275.41948914813,-0.42847488427384395
2024-11-24 13:04:27.313,96915.2865516516,97929.8374562665,98211.677498768,-0.5448524009334821
2024-11-24 14:12:32.067,96981.5818480657,97716.76498490213,98154.78521960242,0.0684054072096929
2024-11-24 15:10:49.385,96965.73350831258,97489.90298183993,98101.56219403236,-0.016341597498326088
2024-11-24 16:06:56.894,96121.8572199591,97192.01889758797,98020.03707747922,-0.8702829936114931
2024-11-24 17:10:44.907,96334.81781873644,96947.29365119057,97943.60768349508,0.2215527299790132
2024-11-24 18:04:59.671,95903.66256158016,96667.02345065163,97854.61555510368,-0.4475591140552515
2024-11-24 19:08:28.268,96374.14974274626,96513.86989300742,97773.21507329159,0.4905831212275169
2024-11-24 20:13:12.674,96341.4137878268,96431.88806960385,97696.63726539521,-0.033967568073856036
2024-11-24 21:08:18.142,96846.36681720814,96412.57163662421,97627.92155013379,0.5241287308627163
2024-11-24 22:06:47.596,97096.89702404664,96431.30928172907,97576.58268366854,0.2586882864809681
2024-11-24 23:08:48.604,98185.22555498005,96726.07618673207,97586.51872577443,1.1208684976450556
2024-11-25 00:07:26.308,98025.77577156796,96967.64160856514,97587.58481339974,-0.16239692123821703
2024-11-25 01:01:19.732,97957.30958863487,97261.01975528724,97587.50677105463,-0.06984508145351231
2024-11-25 03:06:14.969,97540.4200448884,97427.6297984504,97584.59394542432,-0.425582884521003
2024-11-25 04:03:26.396,97960.57363783637,97658.93834845177,97588.9891487552,0.43074818906316814
2024-11-25 05:03:43.419,97936.55308901767,97814.67924442457,97584.26749033402,-0.02452062899048757
2024-11-25 06:14:20.918,98341.69292713798,97992.50723058046,97602.46491401602,0.4136758190295575
2024-11-25 07:04:27.087,98186.0759936348,97992.62872181686,97611.88117582317,-0.15824105612913808
2024-11-25 08:09:28.766,98094.82573459054,98002.49300224867,97613.68413361115,-0.0929360483355901
2024-11-25 09:10:51.532,98376.20871947528,98062.33573522585,97616.4792492606,0.28684793797999486
2024-11-25 10:03:53.173,98567.62400727392,98209.07915842379,97618.80957696353,0.19457477604616358
2024-11-25 11:14:03.320,98519.10798225817,98288.86977905547,97626.3163267752,-0.04922105559952428
2024-11-25 12:15:11.635,98228.50822336144,98330.5776553903,97623.90633324317,-0.2949679152079443
2024-11-25 13:16:26.321,97540.86969775404,98216.17433690689,97597.87044982528,-0.7000396708089829
2024-11-25 14:12:31.008,97609.67708694986,98133.83163595188,97569.09004780307,0.0705421116389715
2024-11-25 15:13:39.605,94997.23837022924,97691.31915532883,97450.53907581912,-2.676413645333009
2024-11-25 16:08:26.874,96100.4489419894,97366.21061568802,97380.319180228,1.1613080450409097
2024-11-25 17:05:49.728,95959.07345600906,96993.5605369359,97310.69181064436,-0.14711220138593495
2024-11-25 18:17:52.000,95659.88581413838,96585.10022720449,97237.16953893723,-0.311786713955553
2024-11-25 19:05:42.530,95033.5526782929,96128.67800648042,97156.74714000513,-0.6547500349962987
2024-11-25 20:09:18.801,94570.70404035947,95704.36862685262,97078.59438962872,-0.4870370778416011
2024-11-25 21:01:26.063,94829.9305644532,95307.26198078167,97006.87268017496,0.27410869647654934
2024-11-25 22:09:14.605,93474.36970924772,95089.70931492715,96890.4938868728,-1.4294651985262585
2024-11-25 23:11:57.147,94285.27104790804,94830.39818720125,96829.27434780444,0.8675119620304761
2024-11-26 00:07:28.333,92958.83651055662,94401.79290927948,96716.74163753177,-1.4068311228351171
2024-11-26 01:06:15.598,93962.56167000988,94159.31803154685,96652.03827447943,1.0797522829787853
2024-11-26 02:13:47.088,94749.6371475018,94118.75867000525,96597.88785463797,0.8376479562744121
2024-11-26 03:05:31.565,94603.47578618444,94123.44034798024,96539.95658791655,-0.15426060269742026
2024-11-26 04:09:54.110,94477.185285292,94073.04816524293,96460.983870186,-0.1334945675546595
2024-11-26 05:09:07.096,94392.11640676353,94204.15483631662,96370.82451627657,-0.09004171564975794
2024-11-26 06:13:34.851,94710.7745627786,94264.94105272669,96255.00948320319,0.3375897989636112
2024-11-26 07:08:29.436,94402.29090376449,94471.14882318497,96134.2266542764,-0.32571126193212674
2024-11-26 08:00:57.810,93877.62962253872,94459.01567354622,95998.2373220732,-0.5557717680396257
2024-11-26 09:14:04.693,93335.26212181491,94256.96209844809,95858.06539130407,-0.5777388105180581
2024-11-26 10:14:30.245,93301.72697676788,94070.99798281715,95702.77050260181,-0.035929770040465936
2024-11-26 11:09:30.544,92016.0821640605,93719.41182264124,95505.42147176989,-1.3779432110913703
2024-11-26 12:04:00.059,92312.30864955236,93422.2964287539,95304.44199585037,0.3219290351481163
2024-11-26 13:00:57.792,91830.9877008543,93010.89830562189,95092.60571942435,-0.5214049521015784
2024-11-26 14:08:14.061,91909.6595139108,92654.80810707135,94886.43351206835,0.08567022420882253
2024-11-26 15:00:56.601,93508.27326596904,92602.04291327568,94724.16899695148,1.7393316007402682
2024-11-26 16:04:55.493,92896.65602512732,92539.38489946317,94535.13673087994,-0.6540782109215826
2024-11-26 17:08:52.686,93816.48423067528,92612.92165002137,94378.38260582717,0.9901628808890228
2024-11-26 18:15:31.563,93153.52006682314,92775.41277898745,94209.21633394256,-0.7066606356960214
2024-11-26 19:11:33.951,92457.0736789638,92796.09349747481,94039.75646664956,-0.7476329261199677
2024-11-26 20:11:29.724,91948.7665271105,92812.91904408285,93851.05944798824,-0.549776379055944
2024-11-26 21:04:08.423,90911.13567641751,92670.27278158382,93714.85602486118,-1.1284880590399782
2024-11-26 22:02:26.127,91723.76190532198,92415.34258720565,93568.96645697227,0.8938687465052331
2024-11-26 23:02:09.980,91798.21404384292,92258.42230416501,93430.2711432334,0.0811699574618352
2024-11-27 00:01:27.083,91966.1254608226,91994.0853370432,93307.14579812287,0.18291359884134994
2024-11-27 01:00:51.391,91933.92643871944,91819.85767588555,93203.82492347043,-0.035011828476860796
2024-11-27 02:12:22.913,92607.259785258,91841.31283392757,93138.37678163372,0.7324100825687907
2024-11-27 03:15:33.378,92757.25760440197,91956.8115592549,93069.28768296534,0.1619719873925618
2024-11-27 04:08:33.302,92540.63200465744,92189.59674900348,93038.16309281233,-0.2335403237862077
2024-11-27 05:17:09.920,92467.19419996986,92295.80136252461,92977.56053121437,-0.07935736237880686
2024-11-27 06:17:14.653,93116.52878592828,92484.13203996538,92982.81694039346,0.7022323880123027
2024-11-27 07:03:27.951,93041.15493061596,92637.70767850729,92952.10338241365,-0.08094573143464512
2024-11-27 08:18:03.422,93358.52950733504,92841.22240259522,92905.73312774142,0.3411120347288854
2024-11-27 09:11:32.493,93353.14544962376,92947.77749750462,92864.05544985605,-0.00576707638787477
2024-11-27 10:08:10.002,93421.0677714994,93042.60752137568,92828.85153272965,0.07275847165995053
2024-11-27 11:16:13.813,93720.0281114403,93211.09267948751,92806.4485895522,0.3200138331453717
2024-11-27 12:01:51.889,93357.55242737304,93338.28671197368,92761.34118503869,-0.3867643782994312
2024-11-27 13:17:08.922,93629.54950174688,93411.57538566204,92735.58313830478,0.29134983437513196
2024-11-27 14:16:04.088,94329.7143041084,93595.65529616097,92750.65262769042,0.7478032374260923
2024-11-27 15:14:42.526,94861.93284322716,93810.42720128842,92801.5416517375,0.5642109096216874
2024-11-27 16:12:55.979,95789.66766620122,94158.50180365662,92884.47300805194,0.9779843137998068
2024-11-27 17:15:10.071,95515.77323187883,94457.74544085369,93001.12937697922,-0.28593317107731275
2024-11-27 18:07:48.215,96424.72297475173,94844.13042132676,93138.20985448586,0.9516226609675105
2024-11-27 19:10:52.225,96170.26060853196,95245.94587577802,93282.85228474179,-0.2638974304197905
2024-11-27 20:00:57.240,96657.69896151192,95678.53865574447,93441.1202663285,0.5068493626778414
2024-11-27 21:16:23.853,96666.004393086,96012.29438274125,93546.37797056574,0.008592622898451197
2024-11-27 22:10:15.508,96491.06000818207,96245.02683487767,93666.19143666755,-0.18097818980137292
2024-11-27 23:01:23.151,96170.73566599475,96299.46512056247,93744.66648451153,-0.33197307829363476
2024-11-28 00:09:10.231,95951.2085932291,96361.67017218393,93837.92276872505,-0.22826806018005907
2024-11-28 01:05:20.294,96614.05040446683,96388.71694785751,93976.48865957516,0.6908113206241628
2024-11-28 02:15:29.415,96276.71642483809,96403.92492161554,94120.75365616608,-0.3491562337118892
2024-11-28 03:12:48.187,95479.544969306,96235.61720844326,94273.03396592903,-0.8280002529525654
2024-11-28 04:07:54.375,95703.61262402752,96098.13267000635,94405.69565655255,0.2346760814513127
2024-11-28 05:10:40.671,95988.10541431927,96026.28201374023,94545.3587022351,0.29726442136450704
2024-11-28 06:16:23.524,95186.68566247674,95885.70344180908,94652.7107089569,-0.8349156891714005
2024-11-28 07:04:49.175,95515.34711807224,95823.43751678667,94772.09139826866,0.3452809111989641
2024-11-28 08:09:31.240,95393.76265151468,95649.11069493637,94864.97482714387,-0.12729312118529013
2024-11-28 09:05:30.049,95502.0233166038,95538.44025090289,94956.46701755062,0.11348820098919798
2024-11-28 10:08:21.132,94760.40084653812,95435.70537622177,95030.45931227996,-0.7765515790247535
2024-11-28 11:12:13.865,94983.4497614382,95332.82496728042,95114.33449766225,0.23538198752588446
2024-11-28 12:10:00.091,95481.90220044892,95260.51022244182,95193.18027814626,0.524778201110454
2024-11-28 13:03:49.445,95475.116069561,95301.71456631098,95274.3123161111,-0.007107243081183601
2024-11-28 14:12:34.841,96198.05364234172,95399.24406977805,95368.96312061133,0.7571999936129892
2024-11-28 15:03:17.960,95387.70283031964,95398.3783810359,95436.78169996785,-0.842377554783913
2024-11-28 16:04:17.979,95028.11522967312,95330.6772257601,95490.34994857364,-0.3769747986133831
2024-11-28 17:00:50.308,94870.52015258136,95346.40855519485,95528.69968327835,-0.16584047438051863
2024-11-28 18:05:43.770,94913.79266980878,95336.45754210492,95580.5743580262,0.04561218506846654
2024-11-28 19:13:42.607,95259.23310011603,95304.64767062881,95634.8971446385,0.3639517720137819
2024-11-28 20:14:14.229,95067.89673866176,95246.47348050035,95659.5032257903,-0.20085859945270235
2024-11-28 21:04:50.319,94832.58319602066,95051.40627388305,95658.52490421673,-0.2475215616560611
2024-11-28 22:08:34.909,95070.723499186,95006.12351229253,95634.56009864956,0.2511165415299388
2024-11-28 23:14:21.926,95690.73120439636,95100.782937253,95640.39203106682,0.6521541883665938
2024-11-29 00:16:42.940,95491.15372866431,95189.44487669342,95609.27305619723,-0.20856510679779783
2024-11-29 01:15:08.249,95605.1000917574,95288.20307982895,95590.43437230475,0.11932661680562617
2024-11-29 02:09:24.477,96185.70817332236,95420.55666171554,95574.70134603177,0.607298230960196
2024-11-29 03:10:00.842,96689.2115628015,95652.1730651641,95575.47491835561,0.5234700653987456
2024-11-29 04:14:00.385,96453.7957193378,95883.77485420939,95574.23277539412,-0.24347684675326553
2024-11-29 05:00:42.050,96379.56503402354,96070.75221632903,95581.19375432843,-0.07695983839790532
2024-11-29 06:12:40.035,96373.5134857772,96168.29254224058,95595.27058408005,-0.006278870675746617
2024-11-29 07:00:45.538,96125.3672112722,96258.89446832742,95578.98114430688,-0.2574838931670098
2024-11-29 08:11:59.366,95825.0748819143,96290.31943834983,95563.92642620944,-0.31239654845519604
2024-11-29 09:05:54.572,95945.75550951564,96256.04048637745,95579.46677754974,0.12593846417552346
2024-11-29 10:10:41.814,96456.81032264214,96222.84030921182,95604.57336750356,0.5326497356892501
2024-11-29 11:16:47.095,96642.49448371604,96249.79727555158,95626.38633648345,0.19250497756748697
2024-11-29 12:12:24.907,97395.2053894119,96394.88875489277,95700.00366071463,0.7788612139173257
2024-11-29 13:12:07.077,97007.00175095936,96485.38707849022,95749.72548181085,-0.3985859847005835
2024-11-29 14:14:36.284,97046.8047280419,96617.02100945733,95804.82688436176,0.04103103524910612
2024-11-29 15:18:25.322,98658.9345586154,97021.8581061289,95910.0572590955,1.6611879547103303
2024-11-29 16:01:06.372,98328.64578971834,97362.27100330072,96028.9987572015,-0.3347783658669279
2024-11-29 17:02:37.123,97860.381782005,97562.78121178116,96124.8964912204,-0.4762233873481292
2024-11-29 18:16:48.144,97222.26935639296,97645.60619359212,96182.90872975186,-0.6520641080611234
2024-11-29 19:04:14.253,97246.37242302352,97624.34434125094,96241.95060820061,0.024791713657901226
2024-11-29 20:05:39.392,97446.74304209618,97687.16452569903,96283.57358819242,0.20604431207063012
2024-11-29 21:07:36.251,97461.78010777534,97746.44672280383,96352.70949744094,0.015431060299953003
2024-11-29 22:06:01.260,97439.73260524705,97572.27501517977,96433.09674329341,-0.02262169078371956
2024-11-29 23:14:45.355,97229.63977566083,97415.27415602871,96511.73406406274,-0.21561310152332647
2024-11-30 00:03:56.012,97508.58607262664,97365.0176261175,96598.22717748999,0.28689430261124027
2024-11-30 01:02:59.055,97014.26142121738,97335.30220680671,96656.72812152671,-0.5069549988562794
2024-11-30 02:02:12.871,96605.38061704172,97243.7319488093,96707.97758413937,-0.42146463642120935
2024-11-30 03:04:10.716,96633.35340970031,97127.53342989561,96768.00325792868,0.02895572946344238
2024-11-30 04:07:05.781,96758.519510965,97027.06763035127,96824.26312498799,0.12952681123876708
2024-11-30 05:16:13.503,96810.70779402187,96937.2069430334,96861.5956779755,0.05393662834098922
2024-11-30 06:14:27.673,97201.81169262696,96933.23150259999,96918.6176101076,0.40398826484897565
2024-11-30 07:02:38.600,96638.46548783808,96808.9285619159,96953.06312331028,-0.5795634823868245
2024-11-30 08:14:55.355,96755.02015382671,96771.89409514582,96972.0401893271,0.12060897842309792
2024-11-30 09:12:09.500,96771.49042272136,96795.62406738577,96974.78281799109,0.017022650471743006
2024-11-30 10:16:11.345,96816.44177566814,96821.7795482383,96986.87101986878,0.04645102886233765
2024-11-30 11:17:57.045,96325.09800019008,96759.86218955617,96985.05545207432,-0.5075003444317328
2024-11-30 12:03:50.031,96295.48312358868,96686.25866520857,96982.45444000137,-0.03074471473814011
2024-11-30 13:11:17.731,96601.05864452482,96600.43680119398,96998.31082110979,0.3173311052855343
2024-11-30 14:15:59.578,96635.48311038042,96600.01074727146,97025.32442872532,0.03563570248465986
2024-11-30 15:08:33.571,96651.85454010883,96585.27280245462,97048.86106307844,0.016941426897743028
2024-11-30 16:09:07.672,96722.49267809853,96578.27312465136,97057.71714159363,0.07308513460584365
2024-11-30 17:09:29.468,96992.657710162,96603.44682957906,97069.38924914185,0.2793197575693407
2024-11-30 18:10:16.773,96921.35645358218,96688.62660863507,97053.59428461417,-0.07351201447938216
2024-11-30 19:10:40.825,97025.20112983783,96792.87203809922,97054.2009305768,0.10714323453095975
2024-11-30 20:04:55.239,97062.34005073736,96858.76938184387,97054.71877466665,0.038277602588854265
2024-11-30 21:03:42.562,97019.0839291062,96913.56949880472,97000.05708701635,-0.04456529855817459
2024-11-30 22:12:30.999,96843.66127689843,96940.97046120322,96950.55760325569,-0.18081252172609252
2024-11-30 23:02:13.260,96383.4083126522,96892.52983756803,96901.32515427726,-0.4752535769277255
2024-12-01 00:03:26.710,96449.75251537088,96814.97195259787,96875.57459290983,0.06883363421168465
2024-12-01 01:08:43.760,96368.41659629214,96735.98054441357,96846.30939868548,-0.08432983699546703
2024-12-01 02:06:11.230,96183.53865621796,96615.74304818215,96804.20258582287,-0.19184494941809627
2024-12-01 03:00:51.091,96004.87965292305,96464.67727706584,96755.63923732779,-0.18574800406697678
2024-12-01 04:06:19.681,96339.41109037622,96367.58115724727,96718.96185349875,0.3484525356029611
2024-12-01 05:14:18.950,96446.42789147948,96310.83353075884,96692.85479069271,0.11108309661855831
2024-12-01 06:04:34.626,96343.52129085964,96305.13538478849,96654.01929796716,-0.1066981980251569
2024-12-01 07:11:04.561,96390.74142074567,96296.70522841346,96633.23529795141,0.04901225246218832
2024-12-01 08:09:26.047,96571.30824363836,96325.68974946291,96632.0995521713,0.18732797386058486
2024-12-01 09:02:32.987,97102.02262487802,96456.9017449858,96647.7218593439,0.5495569966813996
2024-12-01 10:13:02.693,96931.6481377739,96589.29724282162,96653.49281357086,-0.17545925666483386
2024-12-01 11:06:57.104,97002.85526437356,96684.07498196409,96659.89772924925,0.07346117389694928
2024-12-01 12:17:09.977,97134.4449430997,96782.36313219555,96657.65217093169,0.13565546948850482
2024-12-01 13:13:23.923,97038.9439813737,96881.70923084042,96671.00145404953,-0.09831832753247616
2024-12-01 14:08:25.993,97174.1524887956,96993.62509770469,96684.97253188184,0.13933427330770076
2024-12-01 15:00:45.230,97326.0803132328,97101.44967907535,96703.45886156554,0.15634592177657947
2024-12-01 16:18:57.986,97270.41742463624,97125.50607904079,96718.59138319783,-0.057192161050168
2024-12-01 17:00:42.253,97189.56420320657,97162.35123124545,96747.40692329836,-0.083122108006084
2024-12-01 18:05:34.390,97365.59444539624,97214.17111424869,96783.07730069195,0.18112051806471463
2024-12-01 19:17:52.924,97263.83812097862,97232.65585394567,96805.16994990708,-0.10450952926158719
2024-12-01 20:17:58.472,97000.42842281252,97227.15363129407,96817.33479365481,-0.270819765346364
2024-12-01 21:02:44.237,97150.57786301634,97223.78582761133,96833.9589044184,0.15479255364660993
2024-12-01 22:06:47.189,97837.5424412206,97296.85184589529,96871.12722985582,0.7071132187941309
2024-12-01 23:07:25.109,97755.0754151402,97366.08870168158,96896.54115335507,-0.08428975628649304
2024-12-02 00:03:59.590,97236.36305090637,97372.77425135298,96907.04137326589,-0.5306244837222085
2024-12-02 01:06:12.422,97557.01333182376,97400.11980655692,96924.76844666542,0.32976375386390977
2024-12-02 02:09:49.091,97921.26065528078,97494.03731145721,96953.39913348354,0.37336867029549303
2024-12-02 03:18:08.006,97598.79449106254,97579.51817835009,96972.72281888206,-0.3293116960099707
2024-12-02 04:02:58.916,96464.44252221848,97481.49884395041,96960.08219372606,-1.1622602254046654
2024-12-02 05:02:55.753,96756.32858096623,97327.03972105692,96972.51286933654,0.30258409328445257
2024-12-02 06:13:14.208,96216.55939670412,97107.25171842318,96964.73976538099,-0.5578644747877504
2024-12-02 07:04:10.211,96353.93251880012,96981.19021383658,96964.25696279791,0.14277492664189761
2024-12-02 08:05:30.331,96003.50480472745,96759.2604242514,96958.25583441489,-0.3636880248808816
2024-12-02 09:09:46.275,95033.54125142764,96346.72908084381,96925.87788769837,-1.0103418154084332
2024-12-02 10:08:26.305,95258.52690171728,96012.40513950876,96889.84841474307,0.2367434143008662
2024-12-02 11:08:56.403,95015.53517311942,95805.41837535174,96842.15199079775,-0.25508659067189354
2024-12-02 12:09:18.706,95105.9103913035,95569.64434825708,96800.89829414588,0.09511625443083815
2024-12-02 13:05:38.405,94983.1184922097,95393.43850475787,96753.97752986135,-0.12911069205751025
2024-12-02 14:14:13.207,95752.15673527644,95307.47053568307,96726.67247958263,0.8096578163306001
2024-12-02 15:16:27.972,96640.36378149672,95398.45038950724,96711.2838514699,0.92761048576262
2024-12-02 16:14:09.035,97338.64014986508,95727.75023214116,96724.85025187295,0.7225514692257962
2024-12-02 17:07:58.851,96506.95476231269,95906.09706936908,96708.32023513758,-0.8544247035626507
2024-12-02 18:21:32.779,95577.8384402248,95986.42610752699,96656.43335170842,-0.9627454564038462
2024-12-02 19:13:23.127,95443.08501561116,96034.59391099951,96603.23805284967,-0.1409881483121489
2024-12-02 20:14:16.128,96092.96869834872,96193.14394044795,96567.1985931681,0.6809122762861941
2024-12-02 21:18:49.444,95423.75070304835,96146.2287929868,96503.78760616196,-0.6964276412368409
2024-12-02 22:09:29.904,95472.40097562649,95979.37696357675,96443.8537245283,0.05098340006517432
2024-12-02 23:07:52.696,95609.08860975847,95732.29817213294,96391.1712047467,0.14316978805937186
2024-12-03 00:08:19.834,95771.7775765992,95627.27285988817,96338.04397578679,0.1701605665385575
2024-12-03 01:03:16.768,95822.44378656257,95662.21648079356,96289.99749797293,0.052903069406684544
2024-12-03 02:08:26.328,95437.47317669269,95661.4147895195,96237.89898976893,-0.40175411381426773
2024-12-03 03:14:48.049,96021.76284501492,95651.24252475753,96200.27182250221,0.6122224833430723
2024-12-03 04:10:10.824,96038.90237882962,95739.12133558342,96140.31715375584,0.017849634610822562
2024-12-03 05:09:35.557,95975.76179116774,95811.03002351789,96081.00669962344,-0.06574480350974854
2024-12-03 06:11:58.771,96182.976592914,95893.01402111152,96045.89381769036,0.2159032633646918
2024-12-03 07:10:43.131,95506.0814735822,95855.05743496623,95977.52942241564,-0.7037577160838859
2024-12-03 08:46:59.084,95384.53241205156,95792.49866717895,95892.971814308,-0.12726839972412307
2024-12-03 09:23:52.346,95296.73817137364,95772.3936664191,95816.23660365169,-0.09204242916309724
2024-12-03 10:04:30.715,95253.15901691148,95662.59311954716,95775.86048680815,-0.04572995392957413
2024-12-03 11:02:17.544,94725.2456544063,95474.927873201,95708.15772258947,-0.5542213696151044
2024-12-03 12:04:52.653,95014.0015729948,95337.53355631915,95668.07246179917,0.3048352280256905
2024-12-03 13:04:36.088,94885.53497008028,95152.18475305718,95619.12587684182,-0.13520807542858337
2024-12-03 14:04:50.568,93696.5978439618,94893.68709168283,95542.22897814964,-1.2530225249753557
2024-12-03 15:04:59.067,95274.85800912892,94878.01931983675,95550.27287007304,1.684437003567063
2024-12-03 16:07:47.072,95795.02218556104,94949.20275043494,95568.15604620115,0.5459616390950606
2024-12-03 17:07:22.199,95194.30198444356,94940.79460293952,95574.11493991196,-0.6270891612236928
2024-12-03 18:14:42.734,95727.8103230064,95084.01812702527,95594.84493763537,0.5604414628199272
2024-12-03 19:09:47.029,95357.57748495684,95133.1004001627,95607.32690406028,-0.3867557784935416
2024-12-03 20:09:05.380,95358.3280631854,95200.64227060627,95594.19928165725,0.0007871196483266729
2024-12-03 21:02:22.000,95674.96445986646,95483.26607287838,95562.01930426959,0.33204902299803774
2024-12-03 22:06:02.718,95831.265023953,95562.75278928182,95511.77346673916,0.1633662107626055
2024-12-03 23:00:25.321,95986.56802975493,95590.11648130952,95494.42724232057,0.16205880801334338
2024-12-04 00:09:09.732,95982.21323900338,95702.67523196092,95507.90640227986,-0.0045368751492302906
2024-12-04 01:05:00.021,95784.82682188875,95710.82044608696,95519.29779582244,-0.20564895354425738
2024-12-04 02:05:51.884,96282.18074787548,95842.90662650391,95525.60486414001,0.5192408260147108
2024-12-04 03:04:56.738,95873.78594791055,95916.54346717894,95540.60603896875,-0.4241644682252743
2024-12-04 04:04:51.668,95811.444039408,95936.04054997058,95551.90747442814,-0.06502497829430354
2024-12-04 05:05:16.941,95972.8355028198,95956.26490409441,95564.0323708635,0.16844695853390768
2024-12-04 06:01:23.490,96548.93281178984,96036.60273009939,95589.93754536987,0.6002712183627468
2024-12-04 07:04:35.146,96593.13716557594,96123.87757675264,95615.6273246703,0.04578440434166442
2024-12-04 08:09:46.768,96766.48910557116,96264.11504585012,95659.92785563292,0.1794661039925316
2024-12-04 09:01:32.356,96790.9119715239,96336.79093494275,95685.5661598499,0.025238970823981965
2024-12-04 10:16:13.376,96818.903875925,96471.80778180195,95711.56620975307,0.028919971752427998
2024-12-04 11:00:03.303,96507.04415858182,96571.17922739821,95729.27562200022,-0.32210622601431815
2024-12-04 12:03:34.307,96282.08107391196,96615.35716612566,95732.57910470014,-0.23310535166758406
2024-12-04 13:00:35.561,96007.00987674274,96537.93960397608,95749.27671813882,-0.28569303249486033
2024-12-04 14:03:37.581,95777.33103218696,96421.39587063479,95762.37000547668,-0.2392313278484992
2024-12-04 15:03:25.210,95979.1398812634,96308.91741001939,95785.11672913967,0.21070627767714178
2024-12-04 16:01:49.661,95806.846520972,96168.33663136912,95803.572979275,-0.17951125682574842
2024-12-04 17:03:26.729,94890.05289847856,95892.7864917339,95809.06655407742,-0.956918691914943
2024-12-04 18:03:35.318,95624.19362973724,95766.66498761329,95829.40628930218,0.7736751206621539
2024-12-04 19:03:25.870,96280.93206312109,95766.50084321457,95875.91952573687,0.6867910812683897
2024-12-04 20:03:42.253,97406.80160998485,95966.47109082059,95999.59298460431,1.1693587948708783
2024-12-04 21:03:26.845,98945.16291617283,96419.01850281857,96121.93648150576,1.5793161060226213
2024-12-04 22:03:29.095,97894.62591077256,96692.65936417703,96191.92327234615,-1.0617365967554138
2024-12-04 23:03:00.202,98380.45507703636,97060.31772932906,96298.12837543256,0.4962776676899594
2024-12-05 00:00:35.557,98881.4694561823,97630.52009471532,96403.25034653844,0.5092621077567028
2024-12-05 01:03:22.566,98435.43735724509,98032.12634150217,96505.8456756147,-0.451077538987088
2024-12-05 02:00:34.798,98238.84818403496,98311.82864448985,96601.86301297638,-0.19971382104664315
2024-12-05 03:03:33.416,101421.83483164512,98885.40481901275,96793.42535870233,3.2400488263536475
2024-12-05 04:03:00.390,102993.59097558937,99463.75168464368,97032.1695570902,1.54972166156655
2024-12-05 05:01:07.457,103425.4428685291,100253.86839289461,97280.13205171602,0.419299772781101
2024-12-05 06:03:19.756,102640.1318038796,100862.39363958652,97502.06267054522,-0.7593016214083481
2024-12-05 07:03:19.494,101954.7152753914,101301.42875661638,97707.7256189953,-0.6677860954016235
2024-12-05 08:02:48.094,102361.19672205136,101862.25152301727,97910.35948480116,0.39868822698587714
2024-12-05 09:03:45.331,103009.62070412569,102543.79045445881,98148.22064334167,0.6334665897224978
2024-12-05 10:03:40.738,102743.90459828028,102732.65756397811,98379.30266197074,-0.2579527077462229
2024-12-05 11:03:33.075,102370.395110099,102643.62958319378,98592.55464888006,-0.3635344496996429
2024-12-05 12:01:22.146,102700.51110153912,102540.0679021952,98797.60725853835,0.3224721278892062
2024-12-05 13:03:34.367,103036.85692338014,102596.7429192667,99012.39791713184,0.3275016046497381
2024-12-05 14:00:14.209,103015.5073563908,102748.28464512377,99220.6985254925,-0.02072032050164374
2024-12-05 15:04:50.176,103606.80283966631,102926.22837621161,99447.89488776392,0.5739868670741721
2024-12-05 16:05:13.328,101455.89132156898,102704.26703584637,99602.46113595203,-2.076033097388319
2024-12-05 17:03:25.330,101168.45744696612,102479.2031570872,99757.84157889818,-0.283309200539017
2024-12-05 18:03:32.967,101468.51749059714,102350.36349715838,99930.72279278768,0.29659446353456076
2024-12-05 19:03:42.169,100220.47684694908,101996.0728893598,100071.17169179457,-1.2299781986700564
2024-12-05 20:03:40.960,98965.5356409832,101414.45556330308,100177.44517875442,-1.2521804380180246
2024-12-05 21:03:41.964,99115.10582206858,100857.2553441142,100281.97737678126,0.15113360435694556
2024-12-05 22:03:28.542,99027.87676937092,100203.12304835771,100389.3450517279,-0.08800782885128866
2024-12-05 23:00:26.340,96489.6214854048,99493.65592890569,100442.66400462546,-2.5631724790763144
2024-12-06 00:03:20.663,97071.79475131464,98908.41840095549,100490.9173753447,0.6033532487200066
2024-12-06 01:03:38.083,97574.216071475,98352.08962679518,100534.02684228982,0.5175770381576905
2024-12-06 02:03:37.942,98172.54905039175,98059.52851300126,100559.55175697006,0.613208082018768
2024-12-06 03:03:31.812,97544.69358415724,97856.55107631185,100512.86944590286,-0.6395427971542578
2024-12-06 04:03:39.270,97779.11327272865,97665.69499783471,100509.01902463473,0.24032028802176697
2024-12-06 05:03:31.952,97937.81606233172,97509.97203968627,100494.26439081125,0.16230745431329296
2024-12-06 06:03:35.275,97916.4109662074,97713.79910837235,100462.09577447876,-0.021855802982884143
2024-12-06 07:03:32.605,98172.93885197867,97871.1054084672,100453.34582430321,0.2619866100482371
2024-12-06 08:03:28.880,98184.92051314686,97958.34890013463,100451.5482352736,0.01220464754168038
2024-12-06 09:03:31.688,98400.88389964028,97990.96816431299,100350.84987087343,0.21995575834325987
2024-12-06 10:03:28.693,98035.87690442483,98061.1372100655,100185.59273516797,-0.3709387362695993
2024-12-06 11:03:23.383,98235.61414096713,98126.35161981384,100012.59844424922,0.20373891971916525
2024-12-06 12:00:10.006,98113.43650949412,98151.44025512275,99861.70860110303,-0.12437203405445407
2024-12-06 13:03:35.159,97830.48395710898,98139.16496810869,99724.23422382696,-0.2883932746130524
2024-12-06 14:03:32.743,98694.3824613745,98213.6569123081,99602.00708180439,0.8830565579582172
2024-12-06 15:03:34.542,99609.2756499518,98417.13621756595,99488.66224666528,0.9269962137261167
2024-12-06 16:08:48.768,99489.60455947198,98572.66774039905,99380.185578705,-0.12014050870159387
2024-12-06 17:04:04.596,99271.757616421,98749.22212782709,99276.89766224906,-0.21896452801835053
2024-12-06 18:01:49.503,100859.98135716809,99124.1317301415,99215.54667077003,1.5998747064435603
2024-12-06 19:03:29.592,101590.5213733692,99620.8581392665,99167.33548576967,0.7243110759797888
2024-12-06 20:03:23.717,101575.641760633,100155.88068262709,99119.33996591107,-0.014646654564864914
2024-12-06 21:02:03.453,101413.6753891751,100544.3511008843,99046.23571756134,-0.15945394845704453
2024-12-06 22:03:14.917,100557.5295993342,100679.8159507961,99016.2903268202,-0.8442113813107
2024-12-06 23:03:30.193,100648.83317503057,100845.42003873303,98998.96951775569,0.09079735357477858
2024-12-07 00:03:28.282,99928.05521481452,100939.17683850352,98947.62077522959,-0.7161314617156078
2024-12-07 01:03:23.971,100408.74512687804,100874.71451989065,98953.89638456055,0.4810359923749008
2024-12-07 02:03:26.551,100183.5658026874,100673.72086693611,98994.49738995072,-0.2242626614903931
2024-12-07 03:01:07.104,100076.36139397848,100459.53795741404,99026.5392423477,-0.10700797865396128
2024-12-07 04:03:21.922,99431.7288518576,100176.40273779725,99040.00097843059,-0.6441406673281302
2024-12-07 05:00:30.766,99699.55259705188,100053.83459461408,99146.99868215216,0.2693544085845101
2024-12-07 06:02:08.136,99260.72893790832,99855.53398931089,99219.96315503861,-0.44014606656974653
2024-12-07 07:05:09.514,99491.31611217724,99793.14268893414,99283.8664897287,0.23230453446816401
2024-12-07 08:03:04.634,99596.43186712274,99677.09793754053,99331.32925028638,0.10565319572914955
2024-12-07 09:00:22.214,99648.40484337528,99600.64637192451,99401.45295892698,0.052183572521835586
2024-12-07 10:03:27.707,99777.65421197002,99557.97391735188,99468.07099023504,0.12970540652195162
2024-12-07 11:00:41.969,99639.93318003212,99587.71739280538,99524.80822749173,-0.1380279312292898
2024-12-07 12:02:17.623,99746.17018634555,99594.37704841874,99585.80020149631,0.10662091284372455
2024-12-07 13:01:00.982,99545.51216053429,99635.06036593675,99631.55264511485,-0.20116865182532306
2024-12-07 14:02:28.302,99454.39921942964,99629.78652411567,99673.86860199094,-0.09152892895634146
2024-12-07 15:03:22.819,99547.60420718354,99622.81114412435,99712.09261224237,0.09371630464354297
2024-12-07 16:03:24.734,99877.38414540082,99655.52247298516,99773.47618694157,0.33127862879644976
2024-12-07 17:03:21.691,99696.25232916776,99643.89363258482,99822.16412654826,-0.18135418521710855
2024-12-07 18:01:21.419,99717.2700314381,99654.94175421423,99875.6252439464,0.02108173755714926
2024-12-07 19:00:47.245,100316.74021996472,99736.45175901699,99958.50045270825,0.6011698759278206
2024-12-07 20:02:20.382,100150.4600458066,99822.87288548445,100007.03637218934,-0.16575516089689657
2024-12-07 21:03:25.765,100387.43277688618,99956.16339369254,100032.97494308713,0.23661671745811574
2024-12-07 22:03:21.466,99986.27428037794,100018.83054700601,100049.53060045067,-0.3996102753218378
2024-12-07 23:01:36.020,99714.62219537982,99995.57883986016,100064.29275308264,-0.27168937632015
2024-12-08 00:00:33.051,99781.82999198174,100007.80422026217,100028.35437424308,0.06740014164645647
2024-12-08 01:01:29.665,100093.91981142432,100061.61133168878,99978.46765551157,0.31277219456453675
2024-12-08 02:02:12.314,99862.76415968286,99996.75760879135,99921.37173547992,-0.2309387544987218
2024-12-08 03:03:26.418,100196.2140093384,100003.29388929589,99880.78968948538,0.3339080912304171
2024-12-08 04:03:16.102,100000.43022327396,99948.00781020844,99862.21971028335,-0.19540038313842212
2024-12-08 05:03:32.400,99810.92717913236,99922.9582243162,99834.28951042007,-0.18950222885890655
2024-12-08 06:00:09.360,99447.6072445436,99884.81323133959,99818.27457807772,-0.36400817511362815
2024-12-08 07:02:48.848,99732.44095259684,99877.7576542846,99795.73110560168,0.2864158484505497
2024-12-08 08:03:30.427,99723.31815302378,99824.8145602274,99780.38951727955,-0.009147273932053057
2024-12-08 09:02:29.775,99023.6830542092,99704.94583087403,99745.30023928724,-0.7015762328936859
2024-12-08 10:03:24.515,98929.92844600428,99524.04789325487,99728.57355909212,-0.09467897508275147
2024-12-08 11:02:45.841,99331.30105113216,99428.45801152033,99716.29850756147,0.405714035613558
2024-12-08 12:03:31.967,99754.7768522786,99420.43653625551,99732.76677137382,0.4263266429264334
2024-12-08 13:03:31.256,99942.7742466044,99491.17467940705,99747.81537585471,0.18845954074377946
2024-12-08 14:03:19.790,100464.25685327388,99595.7198080752,99776.74287539309,0.5217811998921906
2024-12-08 15:03:28.569,99793.30624506569,99605.71810693831,99781.57292211612,-0.6678500684956123
2024-12-08 16:03:30.620,99960.38207123477,99739.53225222767,99787.66385075827,0.16742187673268738
2024-12-08 17:03:31.420,99899.03575253556,99877.97615316071,99796.30060317504,-0.06137063247265706
2024-12-08 18:02:58.998,99986.10262488868,99971.51923512595,99804.29835112649,0.08715486760932922
2024-12-08 19:03:29.107,99660.92065618507,99958.11120711257,99808.14530098152,-0.3252271667429252
2024-12-08 20:03:36.251,100202.71014270514,99995.24490655553,99833.08899842403,0.543632833163521
2024-12-08 21:03:25.397,99818.18285201912,99902.94862066199,99842.10828658522,-0.3837493917463797
2024-12-08 22:03:16.787,100088.38635062006,99945.10292145549,99849.14169342586,0.27069566974737835
2024-12-08 23:03:30.741,100312.69149646896,99995.43283934609,99869.68966566921,0.22410706579196749
2024-12-09 00:03:34.568,101200.19297467083,100181.31244250828,99919.12043044364,0.8847349871308197
2024-12-09 01:02:17.002,99652.9133055998,100133.71396832414,99896.9928666315,-1.5289295638579503
2024-12-09 02:02:42.049,99538.11718985396,100116.17061599113,99876.58143809973,-0.11519594554530999
2024-12-09 03:02:06.426,99265.6326527906,99982.3024031462,99839.18810062988,-0.2737489363432877
2024-12-09 04:01:04.262,98767.74882215232,99832.24039887951,99798.57058535569,-0.5015671762046536
2024-12-09 05:04:33.864,99467.41882642456,99743.53075256587,99790.33047305718,0.708399262528614
2024-12-09 06:02:58.811,99464.1822382547,99622.31514424954,99779.74221459962,-0.0032539179241286575
2024-12-09 07:03:23.230,99072.0628129816,99318.29654972251,99745.68031465153,-0.39423178922218804
2024-12-09 08:02:30.568,99565.075369978,99305.7482732051,99735.7573549947,0.4976302531694232
2024-12-09 09:00:53.212,98892.01674132036,99213.44820912888,99692.28411272743,-0.6759987135615542
2024-12-09 10:02:03.712,98392.75350222512,99088.75118761952,99638.69488869248,-0.5048569698009042
2024-12-09 11:03:30.126,98724.91556736542,99082.63215122139,99602.49450163357,0.3375879354090561
2024-12-09 12:00:52.227,98010.16158118055,98874.45254475798,99554.57964618813,-0.7239854114609479
2024-12-09 13:03:40.766,98575.02651875035,98747.43029911448,99515.99916505993,0.5763330336945982
2024-12-09 14:03:37.456,98998.51106740256,98736.92290688891,99491.83892887254,0.4296063248551585
2024-12-09 15:03:38.502,100281.08359623082,98839.2097963536,99533.75228027326,1.2955472915698873
2024-12-09 16:03:04.869,97921.48726033418,98700.56272764129,99500.13757408426,-2.352982488100408
2024-12-09 17:03:29.744,97819.9937182346,98618.73990135694,99449.76066298767,-0.10364787641525819
2024-12-09 18:03:36.360,97394.18276855788,98428.63521581299,99371.07419353031,-0.4353005285435363
2024-12-09 19:03:30.397,97775.95108101096,98395.17657293161,99298.8467546772,0.39198266426270223
2024-12-09 20:03:32.904,97010.6115982201,98171.68872714158,99183.72524617541,-0.7827481853454499
2024-12-09 21:03:31.421,96202.22140258036,97772.21877502413,99064.02241809256,-0.8333007928944758
2024-12-09 22:02:30.466,96965.94528096776,97298.62758712939,98964.207858417,0.7938734337447739
2024-12-09 23:03:04.428,96985.94363974528,97164.97849847385,98867.10478799067,0.02062410542131854
2024-12-10 00:08:22.043,97166.1010677236,97071.56526268656,98773.10473608514,0.18575622530159208
2024-12-10 01:05:42.953,97907.09504288544,97144.83844473337,98714.64388230849,0.7626054426588258
2024-12-10 02:03:42.848,98018.51319323164,97179.4901750506,98641.83731732605,0.11379987354072085
2024-12-10 03:03:42.408,96680.47317623864,97132.32754333896,98537.24699480002,-1.365089076953474
2024-12-10 04:03:10.301,96957.57996678504,97240.23590965391,98432.88678200552,0.28662126016001377
2024-12-10 05:00:29.174,97099.22409455536,97259.27574016643,98325.77120194175,0.14608876151700478
2024-12-10 06:03:06.905,96919.17158795732,97249.7368756253,98183.0704890513,-0.18543145764245983
2024-12-10 07:03:40.466,97517.36296729933,97299.91714699325,98111.8854777746,0.6172064510468145
2024-12-10 08:02:24.841,97224.46281578214,97202.39825740705,98034.76366530554,-0.30035692373613365
2024-12-10 09:03:32.175,97415.12408041045,97116.19981271832,97973.08004622623,0.19610420989371047
2024-12-10 10:01:56.431,97594.0768220482,97246.71461926257,97933.95764622274,0.18370118944779357
2024-12-10 11:03:38.659,97653.62962753898,97346.15028508454,97873.49800625988,0.061020921996490785
2024-12-10 12:03:44.867,97802.23594364406,97446.58054924008,97818.09979643954,0.15217695099698503
2024-12-10 13:03:41.767,97101.79603392092,97472.6697558063,97752.4242371375,-0.7161798531137298
2024-12-10 14:03:48.026,97779.31233566764,97510.09109414462,97692.8988026605,0.6977381772732993
2024-12-10 15:01:27.462,97693.55695658634,97577.10454283094,97652.95014316936,-0.08770298852880387
2024-12-10 16:00:47.601,95763.4260302165,97341.14767851752,97565.30589410242,-1.97569930556174
2024-12-10 17:03:34.652,96424.89722261149,97174.12202145511,97488.63861594394,0.6907346779617685
2024-12-10 18:03:37.616,94561.73726601216,96732.42311266558,97373.69113877167,-1.9322395048012697
2024-12-10 19:03:41.601,95070.08436228817,96342.11574390045,97256.85973355625,0.5375822303750333
2024-12-10 20:03:54.863,95927.68180667266,96174.38514000786,97154.4987581986,0.9020686687480017
2024-12-10 21:02:57.625,96608.91540144553,96007.18557797612,97032.09315170576,0.7101532966738322
2024-12-10 22:03:44.834,97033.6611743948,95912.91475194876,97002.49894884112,0.43965484053341
2024-12-10 23:07:35.259,97144.5402258447,96110.21677989564,96979.9838324281,0.11426864668191428
2024-12-11 00:03:40.045,96643.1319918391,96141.3931754996,96954.94880653749,-0.5161465923251174
2024-12-11 01:03:31.209,96508.91515321164,96419.5614450995,96912.71427561085,-0.13887881721257322
2024-12-11 02:03:37.853,95740.9358358451,96515.39736989337,96870.39175019834,-0.7957599732080101
2024-12-11 03:03:06.163,97192.62580148016,96696.10365486586,96903.40523016168,1.5162688279171332
2024-12-11 04:03:36.007,97475.07334493664,96819.84050393602,96920.3761656273,0.29060593962486614
2024-12-11 05:03:47.037,97576.12120234626,96897.33479364337,96940.04875104733,0.10366533098369324
2024-12-11 06:03:44.395,97479.7258169066,96945.21844950937,96950.50290935344,-0.09878993369674127
2024-12-11 07:03:46.627,97725.94367893095,97099.90583337961,96944.46453055493,0.2525836628703759
2024-12-11 08:03:49.136,97343.92073462378,97219.19234500993,96921.97811526802,-0.39091251506587765
2024-12-11 09:03:28.672,98147.68686597412,97563.01392074264,96970.8852382592,0.825697306297668
2024-12-11 10:03:53.914,98026.8820528448,97682.1933852233,97006.52864112788,-0.12308472770661272
2024-12-11 11:03:45.997,98237.77966498482,97791.15143094448,97044.4804934755,0.21514262998421074
2024-12-11 12:03:53.839,98341.6848251944,97900.51766277992,97091.89760138342,0.10576904380772412
2024-12-11 13:03:43.550,98191.62238411448,98002.21717238103,97114.37291527726,-0.15259291250364626
2024-12-11 14:03:45.959,98816.4705577138,98158.0067264929,97167.43984000832,0.6363558910911671
2024-12-11 15:00:23.879,99487.77999735494,98464.27233545449,97236.52837057313,0.6793497438760232
2024-12-11 16:01:53.728,100442.00264105592,98792.03173189473,97331.45923120671,0.9591355277264624
2024-12-11 17:03:47.557,100646.84286491614,99166.31184790493,97431.23300578595,0.2039388089385641
2024-12-11 18:02:46.101,99807.41436807676,99390.54537691806,97498.07228660038,-0.8340336099424639
2024-12-11 19:03:39.219,100392.49942471038,99683.51889113463,97607.76239962669,0.5862140206096322
2024-12-11 20:03:35.009,101228.92240263557,100117.41889378052,97722.74940185896,0.8331528577515623
2024-12-11 21:03:32.556,101313.10200152324,100474.08052861042,97843.40090335686,0.08315765582571633
2024-12-11 22:01:23.011,101646.8874292423,100782.52444745148,98039.51628332438,0.32945929117247363
2024-12-11 23:03:43.421,101270.6379619385,100900.90092186327,98201.0409746353,-0.3701534565588305
2024-12-12 00:03:46.814,101204.95194576346,100980.63079055573,98422.48146396033,-0.064861856799725
2024-12-12 01:03:18.149,100846.73305929411,101129.10488930109,98615.03642052719,-0.35395391192055703
2024-12-12 02:03:46.434,100578.255619717,101155.64148858773,98770.05554762865,-0.2662232393976005
2024-12-12 03:02:46.284,101960.73234131302,101260.18576554165,98948.44944562424,1.3745284336836416
2024-12-12 04:03:37.465,101057.25491132749,101223.63618122798,99082.56923685533,-0.8861033156972176
2024-12-12 05:03:36.843,100667.9189917492,101083.7835473004,99200.01519571882,-0.3852627106484374
2024-12-12 06:03:35.981,100632.33885893488,100992.59796115702,99332.98875795536,-0.0353440631044033
2024-12-12 07:04:19.963,100648.25505951614,100913.06983455026,99470.96675483216,0.01581618867427803
2024-12-12 08:03:39.111,100521.73876795315,100866.6420786444,99630.32685256911,-0.12570142571093346
2024-12-12 09:03:16.502,101001.90557768264,100927.16350121095,99757.30284510918,0.4776745961765805
2024-12-12 10:03:32.949,100874.14577941265,100771.93684951088,99870.60525959171,-0.1264924632255915
2024-12-12 11:06:39.680,100534.11926898496,100697.2031863191,99969.20519514634,-0.3370799403558222
2024-12-12 12:07:16.357,100556.70561133543,100681.31556054569,100071.77118829398,0.022466345271343613
2024-12-12 13:03:33.701,100882.154045816,100717.00344438585,100176.97820052347,0.3236466752783995
2024-12-12 14:03:01.099,100883.1481854534,100750.55960523404,100294.95244888446,0.0009854464813940922
2024-12-12 15:03:41.908,101784.84761745848,100931.00372659194,100416.19114060061,0.893805802280756
2024-12-12 16:02:01.995,101711.46795969296,101032.36978116485,100539.01067082887,-0.07209290919342193
2024-12-12 17:07:24.051,101506.14695275504,101122.6556630709,100647.95624708789,-0.20186613275436915
2024-12-12 18:01:20.591,101441.30683479072,101252.25388675743,100751.2769807411,-0.06387802109609764
2024-12-12 19:00:00.200,100962.95303548784,101310.28923306493,100843.6546691202,-0.4715572129625145
2024-12-12 20:03:43.712,99491.35763334374,101111.60403128318,100866.15090497452,-1.4575597859413314
2024-12-12 21:03:36.231,99994.33945566816,100984.63135559957,100883.03622025164,0.5055532804950413
2024-12-12 22:03:39.217,99794.16878396783,100700.2486651009,100861.44175834871,-0.2001820030913537
2024-12-12 23:03:43.746,100440.44144022003,100518.67344803333,100854.56171085885,0.6476056307971545
2024-12-13 00:03:46.072,100006.33728156584,100304.41492357773,100861.19247464181,-0.43220056824677666
2024-12-13 01:03:44.930,100103.33259715106,100113.27574677207,100851.55358038982,0.09698916910849675
2024-12-13 02:01:01.522,99361.7584775802,99884.53366707098,100789.31478288797,-0.7408086227810307
2024-12-13 03:03:35.174,99462.22097286231,99880.3712870022,100727.61874859929,0.10110780729064572
2024-12-13 04:03:07.966,99784.77696942778,99850.43378896787,100665.5483999388,0.32430001402590225
2024-12-13 05:00:36.101,100059.66050266018,99888.36117735249,100625.18248462952,0.2754764219361938
2024-12-13 06:03:37.233,99902.84274836683,99811.5613642306,100581.77884471629,-0.15672425181691985
2024-12-13 07:03:39.587,99822.14745393266,99785.24853171156,100547.62599120426,-0.08077377201110014
2024-12-13 08:03:49.431,100158.16571803713,99793.0818346953,100533.62299448159,0.3366169459132706
2024-12-13 09:03:52.621,100294.03406466288,99926.2640614214,100478.06638525992,0.1356537888365983
2024-12-13 10:00:13.417,100170.25111216774,100027.41122417932,100448.49959195459,-0.12342005548937607
2024-12-13 11:01:54.581,100541.58250554636,100135.52630076768,100444.28837574784,0.37070027204266776
2024-12-13 12:03:58.737,100381.56384358316,100181.5124923281,100435.92920856945,-0.15915669713510994
2024-12-13 13:02:48.385,100277.75700155286,100235.07167135469,100423.579273304,-0.10341225824301858
2024-12-13 14:03:44.772,100227.37930013504,100292.96193509789,100413.76729104339,-0.050238161407056836
2024-12-13 15:03:40.683,101036.43755793892,100418.42934079815,100414.91835705194,0.8072228002501403
2024-12-13 16:03:49.780,99971.4251622482,100372.34235473888,100384.82766981312,-1.0540874375939757
2024-12-13 17:01:47.046,100852.68428415606,100469.83280788008,100395.44650365217,0.8815110122493808
2024-12-13 18:03:48.890,101744.12465323647,100641.62454326438,100435.0271383822,0.8839034631629161
2024-12-13 19:02:24.892,101530.14299816132,100805.7072796327,100456.62677012704,-0.21031352503591005
2024-12-13 20:00:15.889,101668.542310641,101004.39089521673,100482.80657429996,0.1363135206873478
2024-12-13 21:03:47.214,101651.52500445164,101207.84028154766,100478.36248719973,-0.01673802515763656
2024-12-13 22:03:42.158,101369.0542457129,101255.35695122967,100466.94869673373,-0.2778814766688176
2024-12-13 23:08:22.391,101296.08420824334,101444.59395780039,100459.94660525,-0.07198453020257345
2024-12-14 00:03:44.546,101352.22971292294,101515.95759048138,100456.97736785442,0.05542712249781978
2024-12-14 01:03:43.070,101395.64804090014,101466.17521729048,100471.40053470149,0.042839045672882214
2024-12-14 02:03:47.415,102136.61848405776,101552.81457241853,100559.57589639195,0.7307714457909897
2024-12-14 03:03:43.732,102036.62732136024,101605.39814537842,100627.65215858168,-0.09789942547699937
2024-12-14 04:03:38.402,102122.0469884148,101672.61557165887,100705.24809872992,0.08371471039074763
2024-12-14 05:03:37.036,101667.13197710965,101715.19810471556,100746.13778329291,-0.4454620963059708
2024-12-14 06:04:04.847,101696.54976423926,101772.40746985782,100802.47819938204,0.028935395891993565
2024-12-14 07:03:43.484,101915.900591155,101852.93188103383,100862.89713251549,0.21569151305944612
2024-12-14 08:03:55.112,101822.03638411195,101913.84450149267,100944.90639606655,-0.0920996689413478
2024-12-14 09:03:39.432,101814.1318747484,101867.77498587705,101023.30342612942,-0.007763063521659674
2024-12-14 10:02:39.129,101548.1897190403,101797.99818554563,101082.0838511165,-0.26120357833554486
2024-12-14 11:03:51.016,101538.3591750462,101714.61421220725,101131.3738068627,-0.009680668873868203
2024-12-14 12:01:33.372,101566.6119968529,101700.25421502771,101186.83278181223,0.027824776799856288
2024-12-14 13:00:36.945,101278.91043965096,101640.59145437225,101235.39154800284,-0.2832639107926971
2024-12-14 14:00:55.798,101140.34510219196,101529.7978130918,101268.13086080803,-0.13681558861315946
2024-12-14 15:03:50.461,101443.25853282116,101475.68669147884,101306.43834307995,0.2994981185036716
2024-12-14 16:03:42.984,101599.0806275636,101444.96508473814,101354.06599359315,0.15360517494815706
2024-12-14 17:01:44.767,101608.3303758122,101453.55660713415,101389.62425593534,0.009104165304907319
2024-12-14 18:02:49.037,100919.165528642,101365.10037193354,101407.54431210396,-0.6782562459409003
2024-12-14 19:07:13.723,100997.51180621372,101283.80034469937,101431.53613892599,0.07763270451288662
2024-12-14 20:03:41.479,101318.67355588108,101289.4807898751,101467.91261411755,0.31798976422665604
2024-12-14 21:03:43.787,100790.18891772504,101239.4584778084,101459.70432611041,-0.5216063531117587
2024-12-14 22:00:00.887,101064.55676623588,101185.35822543908,101496.14204624333,0.272216821356297
2024-12-14 23:08:27.628,101064.1258180627,101108.9361097961,101503.19009737355,-0.0004264088093397511
2024-12-15 00:01:56.694,101393.1996919875,101078.203154964,101491.49259866524,0.32560898465316956
2024-12-15 01:01:35.391,101427.83945003884,101150.87085802069,101488.0824803945,0.03416378825855659
2024-12-15 02:04:45.674,102138.9954503918,101313.93995004611,101503.76425171952,0.7011447786021918
2024-12-15 03:02:52.695,101795.30509042316,101382.0301692664,101508.5569212519,-0.33649279440540747
2024-12-15 04:00:35.723,101731.01067173424,101516.43327698203,101520.62213545264,-0.06316049510516342
2024-12-15 05:03:41.633,102332.0460693008,101697.50317741986,101555.15419748788,0.5908084404135039
2024-12-15 06:03:40.321,102106.36927599549,101846.39509998169,101580.29218292363,-0.220533842499826
2024-12-15 07:03:47.737,101760.17058400591,101898.81951312718,101592.44293436049,-0.3390569015864098
2024-12-15 08:03:40.467,101737.62631414826,101943.07477942853,101579.1431953635,-0.022154316102529492
2024-12-15 09:02:39.631,101974.94257740684,101919.63865471639,101577.08703723171,0.23326302357966622
2024-12-15 10:02:27.200,102238.99965639516,101983.02359271237,101580.98545949772,0.2589431014269783
2024-12-15 11:01:31.027,102273.93697695846,102060.58449345871,101601.21229282602,0.03417220501054086
2024-12-15 12:03:54.629,102670.03424860006,102108.86851907289,101633.66177563806,0.3872905290923212
2024-12-15 13:03:45.136,102825.18790843466,102211.55689513563,101663.97135288069,0.15111873777982066
2024-12-15 14:00:19.271,102856.05544534516,102368.11187532694,101698.43865492182,0.030019431559891174
2024-12-15 15:03:51.045,102958.85042118382,102542.5724620463,101736.595939803,0.09994061642124574
2024-12-15 16:04:57.551,102687.43102436465,102644.35652589743,101774.57064998048,-0.2636192961642858
2024-12-15 17:03:44.812,103035.69724768725,102758.17046751059,101824.48191906852,0.33915175386942664
2024-12-15 18:03:46.379,103119.40465508132,102878.95156438528,101876.2416743428,0.08124117139018949
2024-12-15 19:00:29.199,103127.79309660214,102944.34568552843,101937.87109624116,0.008134687694205667
2024-12-15 20:04:57.702,103273.69291451228,103008.41782925381,102008.98268998516,0.14147477952279885
2024-12-15 21:03:13.159,103114.8266287334,103045.3851411664,102064.70162651558,-0.15383035243098364
2024-12-15 22:03:41.565,102832.69010004964,103027.36223814725,102105.82194226512,-0.27361392915840055
2024-12-15 23:03:44.440,103299.66293670298,103114.82393990985,102162.1996942948,0.45410932671217097
2024-12-16 00:03:43.798,104721.50151808978,103355.65312139594,102288.9442272764,1.3764213173261153
2024-12-16 01:04:01.948,105466.77955550035,103690.99239288436,102437.9198189193,0.711676233253633
2024-12-16 02:03:43.107,105494.26514589906,104029.05982849821,102577.1062052532,0.026060898526103493
2024-12-16 03:03:51.423,104539.4371191428,104209.88042915972,102702.08114530049,-0.9050994624548725
2024-12-16 04:03:43.678,104556.32165668416,104415.80829029554,102818.47330831543,0.01615135685311131
2024-12-16 05:03:46.250,104599.11753946326,104668.15506735463,102936.30636569545,0.040930937604732875
2024-12-16 06:03:48.831,104980.61831687568,104908.29155023643,103055.88698652506,0.36472657359511995
2024-12-16 07:03:38.383,105064.80127579396,104957.3343727656,103177.11904738356,0.08018904848148267
2024-12-16 08:00:53.577,104987.11672005488,104888.81111055911,103272.05642303899,-0.07393965894929577
2024-12-16 09:03:58.752,104485.50722610675,104744.70283630307,103361.72982756178,-0.4777819504136471
2024-12-16 10:03:39.732,104785.88396917864,104779.90952916534,103463.55893747657,0.28748172932908655
2024-12-16 11:03:02.109,104649.44144650658,104793.21235628282,103540.80545005012,-0.13021078555981447
2024-12-16 12:03:52.690,103668.76924235464,104660.30545669587,103592.88544892875,-0.9371021866879548
2024-12-16 13:03:57.126,103569.92156219382,104458.77734888418,103653.21048153502,-0.09534952607542779
2024-12-16 14:01:23.754,103873.16095776264,104288.54301773685,103724.39496965549,0.29278712486686675
2024-12-16 15:03:52.162,105437.5551101678,104352.89135918157,103839.8153874142,1.5060619489968952
2024-12-16 16:01:13.678,106351.01927429502,104619.3930803513,103976.88270801086,0.866355600879376
2024-12-16 17:03:55.984,106794.3051699627,104906.31039474902,104127.56164777766,0.4168139606865351
2024-12-16 18:08:30.933,106918.82561438138,105230.50813301686,104269.18802663704,0.11659839372568648
2024-12-16 19:01:52.844,106993.98136116775,105705.53843570444,104408.1478083948,0.07029234220869984
2024-12-16 20:03:53.322,106657.00169847369,106146.54988374443,104534.84601683242,-0.3149519799217182
2024-12-16 21:03:54.986,105987.7408393201,106448.63272396693,104635.8090307703,-0.627488911647478
2024-12-16 22:01:32.367,106138.43917329202,106548.75901869895,104750.84263573455,0.14218468360447378
2024-12-16 23:03:43.182,105810.63129202551,106471.5607355176,104843.3404372125,-0.308849351676721
2024-12-17 00:03:57.860,106090.34824764448,106370.99546090071,104942.37189029793,0.2643561920039783
2024-12-17 01:01:56.836,105934.653926642,106230.39950550937,105035.93391796593,-0.14675634831459172
2024-12-17 02:06:10.847,106439.64216256216,106151.20819142285,105141.46555956759,0.47669786722468466
2024-12-17 03:03:44.890,106244.34686147372,106092.25750042286,105245.78290065893,-0.1834798549868899
2024-12-17 04:03:53.060,106850.71231638946,106215.53914000418,105379.71697453692,0.5707272648645789
2024-12-17 05:02:28.677,106505.73714057312,106268.0102781872,105486.58611466593,-0.3228571605539243
2024-12-17 06:08:30.950,106808.00495376455,106410.49222986422,105556.13622918843,0.2838042544060171
2024-12-17 07:03:49.653,106552.99936336454,106476.58524639565,105592.34355611724,-0.23875138432779552
2024-12-17 08:03:40.809,106812.54995693332,106601.9989650087,105636.28638315172,0.24358825666057626
2024-12-17 09:03:52.257,107385.08539679593,106737.06228418495,105731.14132574014,0.5360188855087378
2024-12-17 10:01:22.808,107262.93880856986,106882.5754194844,105821.36189746967,-0.1137463249898496
2024-12-17 11:00:28.758,107057.82114195262,106912.16239456485,105903.31868421931,-0.19122883345878972
2024-12-17 12:03:52.384,106759.84150361962,106948.4630178572,105962.62612377743,-0.27833523525375714
2024-12-17 13:03:50.432,107144.06968293274,106996.47226488123,106031.93507068207,0.359899540783859
2024-12-17 14:02:31.896,107257.65075654878,107097.13674962184,106107.6195385652,0.10600780234704121
2024-12-17 15:03:44.566,108134.7039553882,107286.01589225825,106229.25942954124,0.8177068886490391
2024-12-17 16:03:40.742,106535.29494891826,107164.61725684717,106287.5731288659,-1.4790894578393554
2024-12-17 17:04:01.256,106955.08767754667,107120.63852384385,106364.4280032339,0.39404098785260633
2024-12-17 18:00:09.610,107473.87402886094,107180.07465054504,106491.26482945077,0.485050653109953
2024-12-17 19:03:53.037,106620.3685922556,107160.14994892161,106592.9463971195,-0.7941515501489582
2024-12-17 20:02:40.683,106495.851999691,107067.54742274422,106680.36943185046,-0.1167849954081368
2024-12-17 21:00:58.374,106867.01636159552,107011.74250917947,106728.01814023139,0.34852471240438554
2024-12-17 22:00:59.227,106437.50654388372,106769.28573610738,106730.90104921767,-0.40191055419617205
2024-12-17 23:03:25.541,105991.3572512758,106691.58035072988,106704.13611859478,-0.41916548695546396
2024-12-18 00:00:57.453,106034.913402645,106560.12688288679,106674.67237820356,0.04109405945802447
2024-12-18 01:03:47.203,106149.11340029488,106370.87536452022,106646.51011284113,0.10770037338194705
2024-12-18 02:03:42.698,105190.79206824518,106166.65014680443,106597.63645850019,-0.9028067228746495
2024-12-18 03:02:46.066,105319.25678272374,105998.5651158091,106575.35365661365,0.12212543698235656
2024-12-18 04:03:42.486,104741.06291547064,105694.85748064842,106528.77444801958,-0.5489915946197077
2024-12-18 05:03:39.007,103848.1486291436,105324.94920711413,106463.35835925685,-0.8524968732154692
2024-12-18 06:03:51.833,103581.1649173861,104980.63601655846,106379.7189149149,-0.2570904876801894
2024-12-18 07:03:53.351,103745.29390075702,104653.54751628873,106306.74024738542,0.15845446756834747
2024-12-18 08:08:22.837,104220.26262856124,104377.99740604106,106232.76092958538,0.4578219502260783
2024-12-18 09:03:45.912,103784.92721839932,104177.15957034881,106150.78027481624,-0.4177070745958966
2024-12-18 10:03:41.902,104018.51039227222,103991.33865742714,106056.37354401234,0.2250646410160817
2024-12-18 11:03:48.452,104503.22403619888,103957.36167467406,105989.62310719985,0.46598787283025356
2024-12-18 12:02:09.044,105037.05730308132,104127.20577095087,105930.59151884374,0.5108294713448647
2024-12-18 13:03:52.431,104983.4812916073,104327.5366815539,105878.27424978516,-0.05100677118118346
2024-12-18 14:07:46.894,104661.925494947,104458.48405215247,105806.58676771895,-0.3062918020094285
2024-12-18 15:03:54.033,103821.24917889904,104401.48213077216,105687.7922271224,-0.803230317111403
2024-12-18 16:01:16.381,104432.30722802308,104493.96498928985,105593.43784110417,0.5885674213677472
2024-12-18 17:00:45.402,104094.33900138024,104504.79764773384,105494.6551030851,-0.3236242075020934
2024-12-18 18:00:33.096,104678.01144932646,104529.76727818065,105425.26076794199,0.5607148799306794
2024-12-18 19:03:43.639,104758.83469100454,104490.02119074108,105345.7529348777,0.07721128875017857
2024-12-18 20:03:36.617,102841.52482177615,104184.02740933665,105198.54873705195,-1.8302130554274099
2024-12-18 21:03:46.160,100808.59929784118,103633.55223832153,104954.34524846706,-1.976755525025542
2024-12-18 22:00:48.235,101086.85581469846,103242.9246148643,104772.73061065974,0.2760245840091047
2024-12-18 23:03:45.316,101083.02779137746,102764.45612391492,104576.99528112075,-0.00378686555254637
2024-12-19 00:08:27.646,100590.40674241254,102263.89437263382,104347.54637157248,-0.48734298895520833
2024-12-19 01:07:37.156,100600.05164879694,101681.32868684389,104146.86914012386,0.009588296435758537
2024-12-19 02:08:15.029,99633.64670369614,100949.15897437127,103918.12896359069,-0.9606406053096261
2024-12-19 03:03:40.911,100551.46473680544,100622.00753366116,103707.61057609768,0.9211928534933911
2024-12-19 04:03:58.701,101108.1106572438,100664.79487071869,103529.96404654301,0.5535930499823039
2024-12-19 05:02:10.062,100726.40114454312,100613.30134641078,103354.46550965193,-0.3775261056896517
2024-12-19 06:03:47.123,101258.80387274455,100638.41221517751,103195.26185865524,0.5285632387852512
2024-12-19 07:03:42.717,101127.78439769728,100715.18045164675,103027.88422523534,-0.1293906999058847
2024-12-19 08:03:51.802,101633.08154677396,100862.75615135777,102909.29387451962,0.49966203856453006
2024-12-19 09:02:52.754,101673.23999436577,101154.12662145343,102787.75998157435,0.0395131653794456
2024-12-19 10:01:04.092,101744.02466948032,101324.49232612124,102687.85870670802,0.06961976929080738
2024-12-19 11:03:49.410,102392.35475315936,101507.95576839491,102639.33224417521,0.6372168643663967
2024-12-19 12:03:58.230,102387.29792223322,101745.22673663635,102599.53667767011,-0.004938680176203025
2024-12-19 13:03:54.700,101909.81424970205,101838.22821905886,102538.35402263494,-0.466350496810497
2024-12-19 14:03:53.949,101863.06927014618,101943.26891512297,102459.78091068778,-0.04586896747876823
2024-12-19 15:01:36.158,101197.40710002492,101881.02970844456,102373.53024007528,-0.6534872499825095
2024-12-19 16:03:49.233,100551.81801428292,101720.82656843272,102257.97382747565,-0.6379502244596935
2024-12-19 17:02:20.724,100586.34545570784,101555.44382360808,102127.41120812597,0.03433795838481135
2024-12-19 18:07:46.483,98143.20797331036,100948.4228550582,101897.61623046693,-2.428895762470351
2024-12-19 19:00:56.008,98759.73785158253,100430.19998782242,101690.15811579944,0.6281941369185917
2024-12-19 20:03:55.279,97157.32411807192,99751.27282616097,101440.00473657025,-1.6225374513637703
2024-12-19 21:01:52.531,96448.90175250095,98977.82032364022,101194.259822357,-0.7291497290621618
2024-12-19 22:00:34.716,97634.61744421945,98468.85037281085,100967.67016289687,1.2293718955568522
2024-12-19 23:03:52.130,98136.51932716773,98123.80770322296,100769.07617375645,0.5140614016693634
2024-12-20 00:03:48.547,97851.35377075804,97733.094605373,100541.52091780417,-0.2905804672560297
2024-12-20 01:03:47.246,97198.79685094622,97598.17873074955,100289.5196564689,-0.6668859394021287
2024-12-20 02:03:14.782,96029.7899967946,97208.18618006555,100062.4618289695,-1.2026968357893186
2024-12-20 03:03:50.978,97516.2050419872,97259.45488348203,99952.71535377437,1.5478686824601073
2024-12-20 04:03:58.587,97026.85826080087,97342.02009895344,99817.38210197778,-0.5018107308171205
2024-12-20 05:00:00.000,97231.17832519257,97284.38593909246,99688.98711977163,0.2105809340363196
2024-12-20 06:02:53.787,96660.24567334302,97073.4897028318,99557.98175080265,-0.587190921352454
2024-12-20 07:03:56.172,97418.38122056802,97011.63648137606,99451.92606986169,0.7843302507083205
2024-12-20 08:03:47.744,97712.83000438924,97085.06978901078,99387.89884655144,0.3022517723370477
2024-12-20 09:03:18.901,95276.01330725008,96977.38740479015,99212.05046556627,-2.493855409806167
2024-12-20 10:03:53.139,94655.00770823027,96568.64492853914,98996.94703393249,-0.6517963729413823
2024-12-20 11:03:56.271,94192.50465512306,96163.73727058517,98779.15048428516,-0.4886197405771231
2024-12-20 12:02:33.181,92805.75666996102,95531.53417698068,98497.38224419237,-1.472248763571471
2024-12-20 13:04:03.486,93865.8516499566,95132.3350307826,98255.31781926767,1.142272869737515
2024-12-20 14:03:46.073,95496.08297611056,94857.72099586013,98050.75120024556,1.7367672028730796
2024-12-20 15:03:57.744,95642.32275982088,94561.93424663607,97849.72062576075,0.15313694462935068
2024-12-20 16:03:58.433,96855.10107857324,94787.51821396794,97686.75650606383,1.2680352000629558
2024-12-20 17:00:35.762,96645.71101759744,95071.90440102041,97495.20171487844,-0.21618898606685644
2024-12-20 18:03:52.106,97234.75395055958,95506.51144322562,97323.45024915598,0.6094868843738777
2024-12-20 19:02:08.246,97267.9383846706,96143.9659738984,97168.72105365492,0.034128161755719866
2024-12-20 20:03:53.849,97048.57278195024,96598.64042132607,97008.23783738172,-0.22552714323278433
2024-12-20 21:06:36.024,96362.60195226806,96722.42884649143,96847.07766578984,-0.7068324757577016
2024-12-20 22:01:09.790,96608.99778118312,96860.52527811461,96715.6503246865,0.2556965294867375
2024-12-20 23:03:53.509,97430.35276861327,96942.70409097747,96610.45056845,0.8501847719096567
2024-12-21 00:03:49.174,97691.43431692652,97092.09313373877,96595.39144657056,0.2679673642702385
2024-12-21 01:03:55.587,97507.84162044192,97131.10565800767,96553.66157219921,-0.18793121195149753
2024-12-21 02:03:35.347,97367.89389041728,97145.38501597148,96560.68056461072,-0.14352459012414442
2024-12-21 03:02:23.621,97359.76640529782,97189.84124787828,96591.04271970394,-0.00834719207196688
2024-12-21 04:02:22.955,97412.50918770436,97339.82799579775,96583.63911115345,0.05417307821691253
2024-12-21 05:03:43.874,97516.5221543344,97469.47433481936,96562.97253872568,0.10677578013067457
2024-12-21 06:03:54.868,98661.272804548,97645.32005423862,96589.96983985201,1.1739043035208674
2024-12-21 07:02:21.998,98675.03031457054,97785.83376818776,96639.1776219728,0.013944184614156363
2024-12-21 08:03:52.484,99063.71975920832,98008.10207372582,96740.30861405328,0.3939086143664339
2024-12-21 09:03:49.998,98615.89731302514,98186.3882769555,96776.96502308786,-0.4520549473325808
2024-12-21 10:03:49.834,98538.76505417588,98354.81665536667,96827.36191620036,-0.07821483244676575
2024-12-21 11:03:51.705,98108.60460263012,98454.2588574989,96856.60945878162,-0.43653931659206613
2024-12-21 12:08:31.830,98037.11544014172,98528.62932689997,96902.5051176749,-0.07286737262033327
2024-12-21 13:03:22.962,97377.54934648574,98345.2402614625,96901.14405520548,-0.6727718279906814
2024-12-21 14:03:47.458,97358.57999864942,98157.17593061664,96889.33572168085,-0.019480206642730202
2024-12-21 15:08:31.154,97128.48100400306,97880.71325130157,96951.08464490595,-0.23634177352377383
2024-12-21 16:03:46.166,97470.60341012,97717.09983660084,97044.93783496894,0.35223695725545845
2024-12-21 17:02:09.641,97288.66036256633,97538.5134520852,97148.14302521704,-0.18666453390888682
2024-12-21 18:03:47.846,97603.55920607864,97466.3641097207,97308.06977642096,0.32367476573198495
2024-12-21 19:01:21.065,97286.59877093456,97359.14744269112,97422.09468045356,-0.3247427017234683
2024-12-21 20:03:40.416,97092.14286004793,97318.37508748569,97475.2966765848,-0.19987944212592756
2024-12-21 21:03:48.317,97411.02826020514,97325.86769627938,97534.2535265976,0.3284358453359726
2024-12-21 22:02:59.663,96941.26398149884,97299.12240735021,97537.1256233618,-0.4822495841553698
2024-12-21 23:04:05.448,97048.2053474754,97238.77982697242,97550.54210102439,0.11031562988179644
2024-12-22 00:03:45.742,97244.35762866864,97232.45086498703,97550.86222362802,0.20211840135624382
2024-12-22 01:03:42.243,97172.66559153362,97170.89463433773,97547.68646385681,-0.07372359577795251
2024-12-22 02:03:50.614,97005.50743627903,97130.73872938694,97546.25095233443,-0.17202178641186894
2024-12-22 03:03:47.984,96623.52100166595,97063.7927496181,97554.94825398103,-0.39377809024296884
2024-12-22 04:03:48.007,96902.3772340153,96991.12831730525,97564.72756907543,0.28860077697285824
2024-12-22 05:03:45.815,96081.76035559732,96868.34208503363,97519.77448864157,-0.8468490679400142
2024-12-22 06:03:52.483,96291.03007140264,96760.17418845177,97473.09434712412,0.21780379026239416
2024-12-22 07:03:05.279,96686.0023129748,96680.40914335266,97445.69970354186,0.41018591376504876
2024-12-22 08:04:00.387,96153.042882627,96534.74875636601,97405.20466994886,-0.5512270831330768
2024-12-22 09:00:26.707,96555.51567404096,96470.46421890342,97378.3963122403,0.4185751998563747
2024-12-22 10:03:33.622,96892.21545826268,96508.84914127438,97361.05318792557,0.34871108281206986
2024-12-22 11:04:01.080,96915.85584401232,96510.77465698824,97341.0309775815,0.024398643005341114
2024-12-22 12:03:57.261,97139.27539827072,96661.848234513,97290.2977307056,0.2305294136988323
2024-12-22 13:03:55.586,96945.12552232458,96755.29044178758,97232.63423763073,-0.19986753571109572
2024-12-22 14:03:54.973,96938.42533847172,96791.35087400142,97161.79109027283,-0.006911315877689006
2024-12-22 15:08:41.736,95460.6962047974,96692.44420574004,97056.61771999858,-1.5243997707974466
2024-12-22 16:04:01.498,95209.89915446886,96500.21327437261,96945.65552334167,-0.26272283808875807
2024-12-22 17:03:41.113,95668.3456092388,96325.37472451206,96864.3135568953,0.4815113332135246
2024-12-22 18:03:55.997,95544.50786640248,96129.4678705678,96781.22663777067,-0.12944484620036611
2024-12-22 19:03:58.954,95891.77545961997,95951.25359361769,96731.70084154181,0.3634615960375953
2024-12-22 20:03:50.359,94642.4145986112,95622.29489023006,96641.16199487385,-1.302886358105737
2024-12-22 21:03:54.124,95496.25262170903,95416.2702164068,96586.75438213073,0.9021726957401333
2024-12-22 22:03:52.859,95033.93282605492,95355.3040194436,96505.53202932856,-0.4841234948616324
2024-12-22 23:03:31.782,95454.720247771,95390.27846134393,96444.40069216871,0.4427759740157855
2024-12-23 00:03:55.493,95110.22476004054,95310.54691145846,96361.28954396743,-0.3608993738981714
2024-12-23 01:03:24.218,94249.3706424842,95125.52730804155,96260.04860635244,-0.90511206311229
2024-12-23 02:04:07.106,94348.83245934984,94905.10687943154,96168.60492632916,0.10553048385111286
2024-12-23 03:04:06.207,94632.91589043716,94903.74992112095,96076.00118067022,0.3010990424388238
2024-12-23 04:03:58.056,95932.78229351218,94966.11130280713,96042.385124404,1.373588027848549
2024-12-23 05:02:43.986,95739.5252308345,95066.91021777563,95998.76245384933,-0.20145049279025606
2024-12-23 06:04:01.198,95496.09313363496,95072.8206300419,95940.48697068152,-0.2542649930763696
2024-12-23 07:03:54.599,94776.84487073896,95025.19493157025,95860.62627998837,-0.753170354193966
2024-12-23 08:06:27.814,95329.18906870496,95179.45470674465,95804.74900106923,0.5827839054141526
2024-12-23 09:08:34.052,96017.0900413,95417.77721845181,95784.5346357237,0.7216058159261962
2024-12-23 10:04:03.054,95928.06581553772,95602.79863632334,95752.05758844111,-0.09271706289369908
2024-12-23 11:02:40.497,96386.0794422067,95667.55537185111,95762.20155799476,0.4774552919160291
2024-12-23 12:00:46.673,95817.04472720862,95678.62958561884,95746.40204652162,-0.5903702259611787
2024-12-23 13:03:41.225,96198.14433867254,95778.92261490994,95730.14011404487,0.3977367623358763
2024-12-23 14:03:50.821,94764.51142114568,95777.16069353945,95683.85573199551,-1.4902916551899903
2024-12-23 15:03:52.376,93783.90817228668,95556.40627976542,95591.46881527036,-1.0347789844038502
2024-12-23 16:03:59.649,93091.52827026884,95138.46888390383,95464.77924233723,-0.7382715388080219
2024-12-23 17:03:57.468,93778.10358191632,94831.33142195792,95360.18750026736,0.7375271675142958
2024-12-23 18:00:10.237,93177.61328753472,94372.97911414763,95228.13209657617,-0.6403310276551499
2024-12-23 19:04:05.066,92628.82282918232,93917.51884300102,95084.25534013809,-0.588972435534385
2024-12-23 20:03:56.278,92875.32894073278,93442.83092900961,94948.8187935468,0.2661224703298437
2024-12-23 21:04:06.995,93153.2599332778,93212.65214502849,94871.90425116282,0.2992516911809684
2024-12-23 22:03:45.892,93947.83041820853,93236.06960873162,94829.83529328747,0.8529712062678607
2024-12-23 23:02:52.481,95155.9932938399,93530.99318352749,94812.75688277416,1.2859933755289932
2024-12-24 00:03:50.956,94783.55282299334,93674.62878939563,94787.39171466052,-0.3913999086704645
2024-12-24 01:03:57.151,94452.81486208398,93856.80044290265,94739.42636140934,-0.34894024443988814
2024-12-24 02:04:03.524,94022.76657471212,94055.93526369263,94718.77142727937,-0.45530489271261576
2024-12-24 03:00:59.240,93731.97579417886,94178.31338561351,94659.96219969502,-0.30927698803906445
2024-12-24 04:05:35.230,94226.32288231308,94331.60809261854,94633.04186823695,0.5274049586021068
2024-12-24 05:04:00.633,94288.7786212906,94380.31497877312,94594.17714735428,0.06628268732882248
2024-12-24 06:11:04.223,94437.02811928227,94277.60566812204,94571.73725932902,0.1572292060194158
2024-12-24 07:06:35.316,93696.2286655834,94122.27364563491,94553.2991934323,-0.7844374907299834
2024-12-24 08:15:38.942,94430.24704023328,94119.04967108481,94556.01301279508,0.7834022618665948
2024-12-24 09:17:20.077,93904.34514336252,94102.13232374915,94531.72732122595,-0.5569210219758314
2024-12-24 10:17:44.456,93843.22864300416,94118.02558786704,94462.07553287568,-0.06508378314662444
2024-12-24 11:04:31.710,93847.45149049634,94063.9011033218,94399.00640819773,0.004499895787102304
2024-12-24 12:07:57.399,94231.12625982042,94055.6650516832,94356.84084573724,0.4088281175785857
2024-12-24 13:10:55.543,94180.71055672028,94019.04825703148,94336.96970193663,-0.05350217608683927
2024-12-24 14:09:43.936,95848.5773089882,94326.52663466074,94354.2826432794,1.7709218187130116
2024-12-24 15:10:38.912,97238.80611762808,94727.74936000285,94395.00651249035,1.4504428210323717
2024-12-24 16:06:18.024,98151.72570799723,95334.51801209353,94469.12850890566,0.9388428620409117
2024-12-24 17:00:54.159,98540.00714964257,96005.48637018472,94540.92609915351,0.3955930869727897
2024-12-24 18:08:24.369,98943.5249821524,96733.49686899273,94645.14210765164,0.4094964514230748
2024-12-24 19:13:12.219,98678.08559817578,97368.77677447208,94727.80681630176,-0.2682736278341702
2024-12-24 20:13:10.687,97505.34132629933,97843.72402726908,94819.1678131402,-1.1884546247197703
2024-12-24 21:16:20.831,97744.8915429966,98114.62606069887,94951.20059216388,0.24567907095018882
2024-12-24 22:15:39.196,98562.58601531525,98303.73747465418,95133.56918366542,0.8365598031882415
2024-12-24 23:00:22.953,98758.15555154772,98390.37030944708,95299.57091598646,0.19842167716874748
2024-12-25 00:00:30.267,98695.714007826,98412.61414633044,95483.50760666284,-0.06322672124949857
2024-12-25 01:02:04.278,98500.26067034216,98349.2906732147,95679.22220136816,-0.1980362971672034
2024-12-25 02:15:30.383,97799.22367036463,98223.73896924166,95843.35202568924,-0.7117108068614542
2024-12-25 03:14:03.895,98185.17824587428,98320.85852918096,96011.0826361091,0.3946397128984591
2024-12-25 04:03:46.699,97939.63300496976,98348.67873803426,96144.14272233448,-0.25008381640825306
2024-12-25 05:05:32.956,98166.14843598157,98292.04479812944,96244.48122707255,0.23128066142570347
2024-12-25 06:02:09.028,98256.56321230729,98220.38874966653,96360.24824004967,0.09210382373785464
2024-12-25 07:11:54.348,98017.71510715656,98123.5317638566,96479.07824821876,-0.24308615866670547
2024-12-25 08:07:34.811,97939.25170926686,98043.38762656014,96609.6277527039,-0.08005022133389383
2024-12-25 09:06:08.400,97972.346080149,98068.11939938647,96750.97342890291,0.03379071241056408
2024-12-25 10:05:37.502,98096.99301652767,98055.52150947982,96879.99576671007,0.12722665258695365
2024-12-25 11:02:34.407,98336.47528260502,98112.21326342771,97014.91898875388,0.24412803972186925
2024-12-25 12:12:43.677,97825.05610463647,98063.48578752126,97127.85325493236,-0.52007068231682
2024-12-25 13:05:26.962,98116.904147218,98043.53449250851,97275.20910432018,0.2983366983908109
2024-12-25 14:05:12.428,98360.53224699968,98092.50836962897,97406.2186112124,0.24830390022918536
2024-12-25 15:02:52.485,98574.10579870746,98183.20181097763,97561.87729972388,0.2171333835114586
2024-12-25 16:13:14.772,98507.38795680396,98259.63636478547,97717.34927685055,-0.06768292886140115
2024-12-25 17:09:59.284,98322.23617320624,98291.81395859669,97866.50876627422,-0.18795725624042303
2024-12-25 18:14:59.406,98625.1764183216,98333.05697798476,98012.97710489092,0.30810959647185054
2024-12-25 19:06:39.276,98676.48814762363,98454.69012698295,98162.83635792104,0.0520270088890884
2024-12-25 20:01:31.215,98930.64036374552,98570.93815791546,98265.57179307961,0.25756106737571116
2024-12-25 21:12:36.844,99144.05633754666,98682.87017085073,98329.08013374356,0.21572282663535614
2024-12-25 22:10:33.371,98436.17536077047,98663.16582257401,98338.561788836,-0.7139923490381839
2024-12-25 23:10:59.555,99141.93981786452,98753.81608843981,98358.62621111007,0.7169767156306239
2024-12-26 00:00:46.508,99344.95417367227,98899.91865993496,98372.00718416073,0.20477141780836927
2024-12-26 01:07:58.048,98949.44292464617,98946.24244655276,98381.05242837641,-0.3981191116507854
2024-12-26 02:09:47.846,98936.89534325956,98983.44347450075,98428.77089560842,-0.012680800432762762
2024-12-26 03:04:29.773,98686.78953052338,98948.60764118329,98460.16749519265,-0.2527932697589108
2024-12-26 04:14:05.769,98659.98368388148,98879.4544049454,98463.41408414485,-0.027162548066894665
2024-12-26 05:13:48.840,98104.91726778063,98832.13182023258,98441.63947468596,-0.5626054205313369
2024-12-26 06:12:44.769,98247.9224636966,98704.41505535143,98426.71308988164,0.14576761277482753
2024-12-26 07:02:13.298,98015.2331340629,98514.45490683582,98410.545505339,-0.2368389313470498
2024-12-26 08:14:23.894,96688.97259453256,98191.53057396245,98373.5371361446,-1.3531167524912346
2024-12-26 09:04:22.304,95759.02291449788,97737.54879842505,98292.66529176538,-0.961794975249608
2024-12-26 10:03:14.393,95362.2899789659,97262.6202910597,98206.75385756526,-0.4143034499069831
2024-12-26 11:04:17.626,95392.89411753212,96795.89321015266,98114.31204695026,0.0320924954434032
2024-12-26 12:06:59.226,95536.07804721202,96428.91617864286,98023.62920811377,0.15009915676054142
2024-12-26 13:16:06.959,95344.33579308933,96014.11808284183,97934.5165643115,-0.2007014083495684
2024-12-26 14:11:00.174,95875.25001897622,95708.406209258,97865.71650796851,0.5568387691525345
2024-12-26 15:14:18.254,95280.08348787812,95507.1363368788,97775.97442155947,-0.620771816480592
2024-12-26 16:04:15.215,95969.09729102344,95537.14696209673,97705.04456404268,0.7231456752795351
2024-12-26 17:01:59.639,96462.6594887941,95694.34260635791,97642.5840375823,0.5142928418654824
2024-12-26 18:16:23.012,95582.91934132416,95721.48906689962,97567.84614547189,-0.912000718342354
2024-12-26 19:15:12.920,95537.08446737049,95721.63284120799,97481.85215614364,-0.047952996486744226
2024-12-26 20:10:25.564,96025.15950732771,95818.89337181346,97404.00639815457,0.5108749578012439
2024-12-26 21:07:41.761,95555.75847888192,95773.25172322858,97303.39482082706,-0.4888312926051075
2024-12-26 22:01:00.173,95732.11405747494,95837.82751888524,97210.88569084942,0.18455777171397791
2024-12-26 23:12:27.790,95314.47518015576,95744.3100744756,97110.62699108107,-0.4362578654310778
2024-12-27 00:17:02.607,95634.02848477298,95625.93421675827,97010.92205996279,0.3352620932059125
2024-12-27 01:06:45.039,95792.2866071008,95655.84382615495,96914.78200861202,0.16548306584514005
2024-12-27 02:00:10.159,95778.20188898395,95690.28917209971,96809.70072611998,-0.014703394830339889
2024-12-27 03:14:59.489,96129.54763830772,95705.20176223971,96709.217102812,0.3668326846760106
2024-12-27 04:12:45.203,96380.93952383996,95823.0847686623,96640.70924158099,0.2615136466449508
2024-12-27 05:03:26.390,96178.80306391609,95886.89748386819,96541.93801644938,-0.20972659212755707
2024-12-27 06:01:31.848,96146.31305395032,96005.73146583882,96435.31664579197,-0.0337808424837438
2024-12-27 07:03:33.039,96482.19680961464,96126.89836938764,96353.07510862425,0.3493464751746167
2024-12-27 08:03:52.398,94990.47881311874,96012.35439881877,96221.5278909529,-1.5461069977909636
2024-12-27 09:08:12.376,96120.67646895951,96061.27933881528,96135.99078890076,1.1898009884383276
2024-12-27 10:08:36.277,96675.9898005472,96139.3425048495,96069.85765945629,0.5777251596507549
2024-12-27 11:03:53.932,96491.92636803204,96155.19776830552,96016.09129613133,-0.19039208483399017
2024-12-27 12:00:55.983,96677.62912386363,96226.45863401229,95963.74818480358,0.1924541905436783
2024-12-27 13:08:35.960,96461.4161372078,96271.47336019193,95911.95428490841,-0.22364324468365782
2024-12-27 14:00:29.691,96346.43925149384,96252.07942331755,95900.53650680711,-0.11919468977151793
2024-12-27 15:04:06.625,95388.97652770935,96309.00766825906,95888.2016272475,-0.9937707415270558
2024-12-27 16:01:22.275,94408.39461806428,96064.39597527402,95856.40511521744,-1.0279824203378696
2024-12-27 17:02:15.238,94017.7388050886,95684.64583306565,95810.56660480266,-0.4137935133375681
2024-12-27 18:04:11.272,94147.74475941324,95349.7627461201,95764.28882854269,0.1382781121700427
2024-12-27 19:04:00.934,94455.92411271796,95032.37631595644,95734.67510586366,0.32733588477582565
2024-12-27 20:08:36.608,94442.94944410972,94744.02393122813,95686.93175336809,-0.013736214779658251
2024-12-27 21:04:04.995,94505.44721523311,94481.02506890519,95661.11054427993,0.06617515811531138
2024-12-27 22:02:25.891,94376.11537507764,94336.33061852922,95608.01114708172,-0.13685120166768705
2024-12-27 23:04:01.085,94286.9616969432,94318.98305836906,95535.48788735337,-0.09446635706515938
2024-12-28 00:03:45.671,94188.33183566765,94343.35349130894,95489.00163716481,-0.10460604467514845
2024-12-28 01:00:06.754,94248.84296526836,94357.79609214538,95446.06025376143,0.06424482568210266
2024-12-28 02:02:53.520,94435.24335238208,94354.84169781169,95393.06304859657,0.19777472194795198
2024-12-28 03:04:09.248,94266.57807728708,94329.6457882656,95350.09036854339,-0.17860416207711172
2024-12-28 04:00:39.718,94436.7513895648,94319.8320988844,95306.9116129464,0.18052348536317098
2024-12-28 05:01:50.413,94372.44435049244,94319.30766680081,95275.51058529098,-0.06809535284317825
2024-12-28 06:03:48.973,94470.76153538012,94345.5647865775,95236.73502031119,0.10417997071532348
2024-12-28 07:03:32.014,94318.39516035726,94364.14526153317,95187.60530541974,-0.16128416088377895
2024-12-28 08:01:39.721,94235.97874315768,94362.30751551734,95136.19786722554,-0.08738106395836942
2024-12-28 09:03:34.730,94337.36522938524,94348.3249265178,95076.45845359478,0.10758787416416116
2024-12-28 10:04:05.207,94486.42937410888,94379.7322546352,95013.30811527041,0.15801177440262215
2024-12-28 11:02:11.619,94466.47676401737,94383.97873669984,94956.23057194047,-0.021116905595519597
2024-12-28 12:03:54.988,94608.71724432956,94417.73200724802,94904.97737828644,0.1505724413407572
2024-12-28 13:03:55.885,94463.1820008941,94416.64921660717,94837.67688466242,-0.1538285769794423
2024-12-28 14:04:05.224,94519.9249553859,94445.43918732552,94821.99175607132,0.06006885782363636
2024-12-28 15:01:41.932,94288.64488507606,94452.96292188531,94760.92403660854,-0.2446892233769704
2024-12-28 16:03:22.897,94226.18775514832,94437.08042556573,94679.26396842858,-0.06624035163923514
2024-12-28 17:02:25.042,94745.09256474876,94474.03230994288,94621.0361749858,0.5507012667739897
2024-12-28 18:03:39.994,94857.49386566704,94529.89189589283,94560.36499971258,0.11863548588699757
2024-12-28 19:03:57.361,94689.5261060602,94541.43601899719,94501.30199867433,-0.1770737901263808
2024-12-28 20:04:05.320,94832.31416514638,94594.16918531895,94450.83116246274,0.15079604361547538
2024-12-28 21:03:54.887,94916.77729525534,94650.86237672888,94435.0911880476,0.08906576925020726
2024-12-28 22:02:44.420,94991.30998043886,94751.24310463783,94454.52170012677,0.07852424756444876
2024-12-28 23:02:48.570,95276.23251610584,94901.24949906034,94496.471490494,0.29994589581472386
2024-12-29 00:03:49.615,95069.29796635784,94947.56455643308,94527.18993072551,-0.2171943036402224
2024-12-29 01:01:09.581,94998.09991111538,94967.65113435427,94545.26245733873,-0.07489069212193167
2024-12-29 02:03:58.062,94701.58383374193,94969.37366688023,94553.8836036598,-0.3121284295695248
2024-12-29 03:03:45.713,94978.33543511132,94990.23384830379,94569.64654432242,0.2922354517906012
2024-12-29 04:01:08.401,95011.8092016291,95003.80983492862,94590.8363385408,0.035243580932875496
2024-12-29 05:03:08.896,94953.98793979596,94998.47811483678,94613.07054663589,-0.060856921175389544
2024-12-29 06:03:49.257,94965.2019624843,94954.04517860513,94638.96621752979,0.0118099544122785
2024-12-29 07:03:42.454,95020.6413640312,94947.09423541558,94664.69283082188,0.058378648600987404
2024-12-29 08:03:53.698,95113.31332635686,94963.55329473582,94687.29516328771,0.09752824333255639
2024-12-29 09:01:03.208,94968.69262602924,95001.711693634,94710.69898157912,-0.15205095403563185
2024-12-29 10:03:44.344,95027.19069525956,95008.69101651231,94730.38029176895,0.06159721442167143
2024-12-29 11:03:38.414,95002.09783027926,95007.30367774806,94751.36874109515,-0.026405984220623235
2024-12-29 12:03:52.917,94868.1995779522,94995.04819748466,94764.61667584757,-0.14094241641513516
2024-12-29 13:03:46.811,94749.5584470375,94964.24198099226,94778.98878540358,-0.12505890429300726
2024-12-29 14:03:55.966,94780.49484047244,94929.93533476959,94797.13932198074,0.032650699319325405
2024-12-29 15:03:25.684,94483.115993633,94839.90714438046,94801.99768078899,-0.3137553220628142
2024-12-29 16:03:36.450,94397.43825018949,94758.29937640335,94799.03130999168,-0.09068048036146026
2024-12-29 17:01:00.419,93732.325551593,94573.31864159384,94774.55960291086,-0.7045876571710297
2024-12-29 18:03:50.589,93788.43385769756,94399.93807408217,94747.21682335646,0.059860145125356645
2024-12-29 19:03:57.521,93486.33456781032,94202.52878691905,94714.65524225366,-0.32210719111228636
2024-12-29 20:02:05.547,93433.68889638149,94014.5474225396,94678.4473736202,-0.05631376144140665
2024-12-29 21:03:51.198,93678.82144012352,93857.16550820404,94658.11992545512,0.2623599117593356
2024-12-29 22:03:45.523,93253.83888545542,93681.55449275012,94625.70829646535,-0.4536591602401052
2024-12-29 23:03:46.919,92868.96449068608,93463.20109853534,94563.1706939966,-0.41271694481348487
2024-12-30 00:03:55.891,93467.14705911094,93425.3184567522,94516.82580044473,0.6441146099834594
2024-12-30 01:03:52.796,93392.77558471172,93368.79584632565,94473.60078306643,-0.07956964210342754
2024-12-30 02:03:47.070,93752.01645281966,93406.75040132696,94437.59085932221,0.3846559499477431
2024-12-30 03:02:20.126,93720.83397752128,93447.77112720409,94397.72608206442,-0.033260591588524235
2024-12-30 04:03:32.929,93512.39964028638,93423.99658437022,94348.429070726,-0.2223991490354127
2024-12-30 05:02:05.278,93073.1794169563,93398.18808887035,94274.99396742102,-0.4696919606593575
2024-12-30 06:03:55.187,93383.36450080124,93471.67380460107,94218.79618523578,0.3332701061552257
2024-12-30 07:03:31.294,93644.43858574788,93497.0011655492,94173.67414105688,0.27957236959950116
2024-12-30 08:01:30.903,93443.19975572212,93504.2046185507,94131.72800512289,-0.2148967232490695
2024-12-30 09:03:47.715,93686.1842171289,93494.800013452,94088.6562978568,0.2600343974114683
2024-12-30 10:02:30.878,93707.3001659108,93492.86661179338,94045.17266333287,0.022539021050271835
2024-12-30 11:03:52.985,93650.67146070524,93512.61972899607,94001.7287806965,-0.060431476635536274
2024-12-30 12:03:47.463,93694.95441897008,93601.44472928376,93959.38719591268,0.047285254418505396
2024-12-30 13:03:46.850,93614.76173350212,93634.50147681244,93912.52454156172,-0.08558911839517958
2024-12-30 14:04:01.270,92439.7293022887,93462.400150604,93823.40507409278,-1.25517857382198
2024-12-30 15:03:49.127,91816.86482854123,93230.06658957816,93718.34414750985,-0.6738060338868257
2024-12-30 16:03:59.751,91912.6901010788,92976.71028728528,93614.52746103714,0.10436565517295548
2024-12-30 17:04:01.770,91960.47224270926,92727.16344111363,93513.13994145147,0.05198644667880892
2024-12-30 18:03:48.856,93690.95687456265,92732.91850023612,93473.89851800517,1.8817700579942143
2024-12-30 19:03:57.275,94452.47154334912,92841.13523229025,93463.99562121555,0.8127942057481796
2024-12-30 20:03:51.746,94335.28420391784,92944.06701377823,93449.15526666374,-0.12407016726662112
2024-12-30 21:03:59.518,94197.09203221009,93195.11883233844,93439.6211346163,-0.14649043873025125
2024-12-30 22:03:57.817,92019.03183521554,93223.9998332919,93360.34092078384,-2.3122371933198993
2024-12-30 23:03:41.315,92423.43263786552,93296.96305283287,93316.71115699293,0.43947517658537993
2024-12-31 00:03:56.989,92666.27265159725,93397.791682674,93279.30578345625,0.2627472349822968
2024-12-31 01:04:03.080,92369.17609127075,93208.96585648945,93242.0671675716,-0.3206091621311913
2024-12-31 02:02:37.326,92230.48790697764,92891.53962272208,93201.9604679248,-0.15014552490549837
2024-12-31 03:04:02.080,92381.6704594775,92612.45194494489,93158.72210190326,0.16391819660797058
2024-12-31 04:02:46.022,92354.49352219873,92349.22358637185,93128.74392312804,-0.029418105500367275
2024-12-31 05:00:37.285,92286.89998616956,92387.49046507957,93109.3417729775,-0.07318922279934137
2024-12-31 06:03:50.457,92469.39036995971,92394.05585537873,93076.08321667246,0.19774245729080597
2024-12-31 07:03:40.541,92685.25625049644,92396.76779807862,93052.49923886528,0.23344577018737933
2024-12-31 08:04:00.999,92718.63981995816,92446.6911878911,93018.05335110324,0.03601820916532272
2024-12-31 09:03:59.225,93750.4054943808,92663.82227180585,93019.03906833188,1.1127920733372765
2024-12-31 10:03:35.777,93859.29528595287,92874.91153273091,93030.60225652075,0.1161486086357355
2024-12-31 11:01:42.860,93982.05684721791,93107.42057916221,93060.89817086281,0.1307931845120125
2024-12-31 12:04:01.387,94089.44634724555,93364.92720217306,93084.43423241096,0.11426596057821925
2024-12-31 13:03:56.701,94402.87239591643,93641.13892016688,93109.71535941657,0.33311498880985724
2024-12-31 14:03:54.652,95797.4221530335,94085.73404910075,93188.18943932696,1.4772323359701023
2024-12-31 15:03:41.093,95590.50300982752,94496.0002190821,93251.66673241691,-0.21599656708448656
2024-12-31 16:03:55.478,95263.85012987768,94712.20659558165,93303.5517312158,-0.3417210597963405
2024-12-31 17:02:20.833,94677.81241661204,94829.13761424723,93337.78976307936,-0.6151732398666176
2024-12-31 18:03:46.172,94011.4899351706,94833.34234109762,93348.34094695273,-0.7037789154965002
2024-12-31 19:03:41.188,93787.67098159542,94790.23157457616,93354.10458855583,-0.23807616891245997
2024-12-31 20:03:53.375,93937.48478326376,94723.74762991151,93404.029771255,0.15973720223603216
2024-12-31 21:02:35.637,93456.54456597623,94389.33654604618,93458.68576250282,-0.511979023493303
2024-12-31 22:03:52.347,93708.39194380476,94120.46353661436,93518.5424905937,0.2694807292503043
2024-12-31 23:02:25.727,93302.2371282602,93840.23310781186,93563.26798677872,-0.4334241652424575
2025-01-01 00:01:03.787,93507.85874741492,93673.09686935514,93557.16471587379,0.22038230323679908
2025-01-01 01:04:00.822,94272.09391214597,93710.32600892303,93551.15212816703,0.8172951182588983
2025-01-01 02:02:52.262,93420.39375237148,93657.85783331962,93520.65577978214,-0.9034488621502357
2025-01-01 03:03:42.364,93869.80795911608,93648.18971558425,93509.74631067901,0.48106648740515734
2025-01-01 04:03:56.811,93593.62756698632,93667.77300144282,93562.23283507138,-0.29421642393264724
2025-01-01 05:07:59.192,93375.94075819162,93620.27997492664,93593.98310574892,-0.23258721181514952
2025-01-01 06:02:46.406,93586.3591571702,93660.86883619952,93624.65265593468,0.22534541260845753
2025-01-01 07:03:36.805,93545.55552532309,93666.2540901864,93663.86530373641,-0.0435999778328644
2025-01-01 08:03:48.424,93473.87147135603,93552.2223129307,93705.31142254903,-0.07663010130678494
2025-01-01 09:03:45.583,93339.7181852846,93540.69723191827,93737.24634674261,-0.14351955681277673
2025-01-01 10:01:24.792,93256.06930579936,93453.02028144445,93767.29887286264,-0.08961766878188282
2025-01-01 11:08:02.261,93051.98323230208,93375.6425193467,93792.80164773371,-0.2188448162318002
2025-01-01 12:01:10.869,93297.6075779421,93364.45206502535,93820.40888799979,0.2639646540652629
2025-01-01 13:02:53.459,93547.86133526728,93358.95237618207,93849.16239082548,0.2682316983488864
2025-01-01 14:07:57.569,94216.98076389902,93454.8702674072,93899.10708895685,0.7152696160884542
2025-01-01 15:03:51.366,93968.34922965291,93525.50994716391,93906.37188013257,-0.2638924875645876
2025-01-01 16:04:03.376,94257.22814652258,93656.58279876933,93919.63630881826,0.3074215086652954
2025-01-01 17:03:47.226,93899.58728253448,93748.51393830292,93916.88732332879,-0.3794307036401934
2025-01-01 18:01:45.870,93934.54706964071,93874.59448649416,93911.7240140753,0.037231033828755145
2025-01-01 19:03:53.235,94121.510119208,93992.29484953215,93902.34527151837,0.199035451172902
2025-01-01 20:03:53.428,94468.70579080972,94123.84405746676,93858.0547261109,0.368880260380422
2025-01-01 21:02:11.836,94572.55254464778,94174.64002614518,93824.12304393823,0.10992714779858304
2025-01-01 22:03:52.647,94783.15438564416,94291.04076271535,93808.09985246378,0.22268812179617736
2025-01-01 23:07:05.181,94557.49630834152,94333.93621440376,93804.08931552143,-0.23807825215913514
2025-01-02 00:02:11.685,94384.1761153871,94403.16319052558,93816.51218819531,-0.18329608938590924
2025-01-02 01:04:03.647,94908.41050416252,94542.28653831441,93853.87017228089,0.5554261427620277
2025-01-02 02:01:21.708,94677.61195950604,94621.72965835698,93878.54107815563,-0.2431802865841326
2025-01-02 03:04:19.882,95040.77294698045,94703.45353780994,93931.34869085577,0.38357641258393027
2025-01-02 04:04:02.547,94864.72473958398,94745.19242280083,93969.89311738174,-0.185234401970491
2025-01-02 05:04:07.701,95483.50168653372,94845.24203721363,94042.60193599087,0.6522729588351872
2025-01-02 06:04:10.877,95418.35539033916,94968.22190607044,94106.28515742166,-0.06822780380262294
2025-01-02 07:03:38.941,95433.72950959054,95118.15810524234,94145.00634400315,0.016112328899908768
2025-01-02 08:03:48.685,95718.77841251166,95233.92494929222,94221.61916600783,0.2986877955895695
2025-01-02 09:03:46.305,96000.77273223542,95422.94791682498,94292.6513251118,0.29460710259847644
2025-01-02 10:03:55.758,96427.25363971504,95621.01658721564,94387.10552753608,0.4442473694135307
2025-01-02 11:03:58.397,96481.02548549822,95851.91669377484,94490.60835177965,0.055764157697657524
2025-01-02 12:03:58.190,96653.95220084536,96019.12391010506,94592.86145323548,0.1792339109964569
2025-01-02 13:03:59.833,96756.655286588,96210.30960956917,94699.89811194432,0.1062585475337885
2025-01-02 14:01:53.926,96339.03229188356,96339.63857846816,94795.40347262858,-0.43162198348780656
2025-01-02 15:03:53.395,97183.9727598327,96548.9520566569,94923.54529178017,0.8770489466711551
2025-01-02 16:03:57.312,96386.06277555888,96603.9934914174,95027.87840743881,-0.8210304246829558
2025-01-02 17:03:47.014,97073.67946708362,96696.34003818434,95161.93494859821,0.7133984641803481
2025-01-02 18:04:10.227,96641.51368666632,96719.2669240655,95273.39848555569,-0.4451935713056465
2025-01-02 19:03:50.245,97245.4578122557,96803.76772569554,95396.6517014553,0.6249323945271668
2025-01-02 20:02:57.516,97433.16006615898,96900.41126563425,95503.8576781973,0.19301904492614597
2025-01-02 21:04:05.126,97190.0237351974,97021.98147182194,95611.2468283821,-0.24954166609856276
2025-01-02 22:04:01.084,97076.03888871246,97006.56234737621,95705.2071864551,-0.11728039782715749
2025-01-02 23:00:52.372,96839.91368038654,97071.398190923,95803.21806638352,-0.24323737456635186
2025-01-03 00:04:08.369,96897.89773864349,97046.28651543155,95901.99642201693,0.05987619779208586
2025-01-03 01:03:53.464,96741.07652263448,97060.50977771272,95989.31530213114,-0.161841711398103
2025-01-03 02:07:47.402,96749.75952794372,96989.69573709673,96065.3504267023,0.008975510322350999
2025-01-03 03:04:15.457,96942.42797852152,96919.59115314852,96144.34627449808,0.19914101235791737
2025-01-03 04:03:54.055,96946.67766178324,96884.82742837507,96216.46371703604,0.004383718615619259
2025-01-03 05:01:32.781,96726.73309917754,96834.92660129863,96288.77161006392,-0.2268716864883391
2025-01-03 06:04:02.877,96703.03318851322,96815.37224531674,96366.06684583478,-0.02450192403378182
2025-01-03 07:03:36.403,96462.2929451448,96753.14298910265,96417.86292720084,-0.24894797549847025
2025-01-03 08:03:48.275,96249.6236219426,96682.93543186095,96470.26331594875,-0.2204688658221432
2025-01-03 09:02:15.244,96010.07539005709,96577.2662693057,96502.57339738465,-0.24888225311554546
2025-01-03 10:03:58.413,96487.27608821382,96512.24457069034,96556.65844233896,0.4970318960984432
2025-01-03 11:02:42.797,96425.08432874594,96437.73123739929,96588.04453041269,-0.06445591790882332
2025-01-03 12:04:01.683,96704.90871031054,96434.61346756115,96630.92964107842,0.2901987418653329
2025-01-03 13:02:01.060,96600.50470424946,96419.96654123775,96669.82214756706,-0.10796143386457846
2025-01-03 14:00:06.734,96481.62117505186,96422.72771693875,96695.25023965171,-0.12306719262137333
2025-01-03 15:05:40.626,96982.18051207674,96527.37870124364,96727.9638323131,0.5188131490003522
2025-01-03 16:06:42.666,97657.94555900974,96762.78872537974,96768.98689628959,0.6967930019359025
2025-01-03 17:01:51.800,97804.57307916998,96950.97400980203,96813.10514941197,0.15014397376569288
2025-01-03 18:03:49.327,98007.33633659976,97177.010010924,96858.21795393711,0.20731470016812636
2025-01-03 19:03:57.542,98495.11058031,97432.75313520966,96916.16646372786,0.4976915626346834
2025-01-03 20:04:08.703,98547.4354983168,97710.8861057907,96989.7799039423,0.05312438119873253
2025-01-03 21:04:02.132,98312.36888893424,97972.42149348817,97027.39310824568,-0.23853143229340956
2025-01-03 22:06:28.622,98409.41464845111,98176.31208439881,97094.83817067543,0.09871164799875043
2025-01-03 23:03:54.707,98273.14821437132,98264.19817802189,97134.82046225168,-0.13846890012157997
2025-01-04 00:08:46.252,98150.88378407732,98313.67113586578,97185.13279883206,-0.1244128559179769
2025-01-04 01:03:53.639,97916.93909067282,98300.75724359052,97207.51550811263,-0.23835210075047186
2025-01-04 02:02:45.370,97989.80324325046,98228.57048115344,97226.07028068232,0.07441424666079222
2025-01-04 03:03:45.984,98229.78509982133,98183.19185279694,97260.72899283648,0.244904927480194
2025-01-04 04:03:44.483,98190.49162618496,98165.78081526133,97297.87741741889,-0.04000158770217643
2025-01-04 05:03:43.185,97962.68646367332,98101.96250315021,97335.30317686177,-0.23200328131455228
2025-01-04 06:03:55.940,98100.6248273594,98077.31630500566,97375.39407981896,0.1408070446671683
2025-01-04 07:03:49.123,98080.86063193037,98067.31299755609,97420.05355012884,-0.02014685988372955
2025-01-04 08:08:27.102,98255.7480777154,98115.71428141932,97470.25316845455,0.17830945268857423
2025-01-04 09:03:57.322,97864.44010847888,98097.80526216624,97500.98690611981,-0.39825453155881707
2025-01-04 10:03:50.432,97647.46657394528,98014.61690132681,97524.3465365252,-0.22170824693126256
2025-01-04 11:03:37.453,97795.825987815,97958.23609584536,97559.98296614645,0.15193370506685344
2025-01-04 12:03:57.997,97853.76686652648,97942.67615339583,97598.34075541356,0.05924678085822421
2025-01-04 13:03:40.961,97856.31687651748,97907.77501756126,97644.80821979266,0.0026059395286104348
2025-01-04 14:04:00.792,97942.47649161342,97888.00585465883,97701.23664878168,0.08804706517275829
2025-01-04 15:03:47.550,98010.6769451407,97852.99569286245,97767.92336728446,0.06963317241945877
2025-01-04 16:03:48.733,97660.40165094683,97823.84734178644,97807.02755270891,-0.35738483307274915
2025-01-04 17:03:08.798,97691.1174254222,97830.08317771173,97849.22865593145,0.03145161596318502
2025-01-04 18:01:05.606,98014.12082953732,97861.26815510064,97892.86905990566,0.33063743421883895
2025-01-04 19:00:54.265,97953.72772508916,97875.54827775244,97937.97649393365,-0.061616738421998996
2025-01-04 20:03:46.940,98176.837933377,97921.33700016096,97994.48371921116,0.22777102359392565
2025-01-04 20:33:58.000,98402.4434006842,97987.04655859964,98041.82581549809,0.22979500262607644
